timestamp,open,high,low,close,volume,timestamp_utc,moon_longitude,moon_sign,nakshatra,moon_house,utc,moon_long,solar_arc,prog_lagna_long,prog_lagna_house,lunar_return,rahu_long,ketu_long,node_hits_lagna,sun_long,sun_cusp_cross,moon_cusp_cross,mercury_long,mercury_cusp_cross,venus_long,venus_cusp_cross,mars_long,mars_cusp_cross,jupiter_long,jupiter_cusp_cross,saturn_long,saturn_cusp_cross,uranus_long,uranus_cusp_cross,neptune_long,neptune_cusp_cross,pluto_long,pluto_cusp_cross,any_cusp_cross
2023-01-06 13:30:00-05:00,260.2,264.89,260.17,262.37,966659,2023-01-06 18:30:00+00:00,102.66938325001684,Cancer,Ardra,3,2023-01-06 18:30:00+00:00,102.67437426985998,319.5966499588483,358.2191499588483,4,False,39.90046577378541,219.9004657737854,True,286.07841977734097,False,False,262.158450704228,False,233.31071681924004,False,18.6879944976572,False,216.5359327584655,False,187.83508656575486,False,52.677064564907084,False,354.62724537706225,False,272.34615437279155,False,False
2023-01-06 14:35:00-05:00,264.15,264.63,261.46,261.76,1285619,2023-01-06 19:35:00+00:00,103.26415112501128,Cancer,Ardra,3,2023-01-06 19:35:00+00:00,103.26914217165904,319.5966499588483,358.2191499588483,4,False,39.89807549771638,219.89807549771638,True,286.12291080274736,False,False,262.3431748684234,False,233.38303514447944,False,18.711648752510882,False,216.53968340184508,False,187.83659689828824,False,52.6775941327146,False,354.6275153599495,False,272.34633381183744,False,False
2023-01-12 13:25:00-05:00,278.62,279.3,275.61,275.89,227865,2023-01-12 18:25:00+00:00,181.682007875017,Libra,Uttara Phalguni,5,2023-01-12 18:25:00+00:00,181.68700245514628,325.51053395144277,4.133033951442769,6,False,39.58292679137537,219.58292679137537,True,291.9888813833659,False,False,286.69834543987236,False,242.91792818011345,False,21.830371277183986,False,217.03419130589316,False,188.03572843384563,False,52.747415611333054,False,354.6631115652362,False,272.36999215989397,False,False
2023-01-12 13:30:00-05:00,276.44,277.57,273.3,277.31,1537295,2023-01-12 18:30:00+00:00,181.7277592500177,Libra,Uttara Phalguni,5,2023-01-12 18:30:00+00:00,181.73275383221335,325.51053395144277,4.133033951442769,6,False,39.58274292398539,219.5827429239854,True,291.99230376993546,False,False,286.7125549909688,False,242.9234911282092,False,21.832190835250003,False,217.03447981692238,False,188.03584461327137,False,52.74745634731829,False,354.6631323331506,False,272.37000596289755,False,False
2023-01-19 13:00:00-05:00,275.59,278.088,275.07,275.2,132135,2023-01-19 18:00:00+00:00,273.6880230000097,Capricorn,Mula,8,2023-01-19 18:00:00+00:00,273.6930217259214,332.41006527613513,11.03256527613513,9,False,39.21316947022501,219.213169470225,True,298.87130077521033,False,False,315.2737526856072,False,254.10501680010202,False,25.489502547381562,False,217.61438698561358,False,188.26936525882002,True,52.8293356775535,False,354.70487584110055,False,272.39775,False,True
2023-01-25 13:00:00-05:00,284.61,288.586,284.3804,284.64,161067,2023-01-25 18:00:00+00:00,352.74639900001057,Pisces,Purva Bhadrapada,11,2023-01-25 18:00:00+00:00,352.7514012882748,338.3239492687296,16.946449268729623,12,False,38.89544662042499,218.895446620425,True,304.7851847678048,False,False,339.82785697234067,False,263.717791109073,False,28.633698884975274,False,218.11293404407058,False,188.4701233063364,True,52.89972745996465,False,354.74076279718884,False,272.421601590106,False,True
2023-01-30 13:00:00-05:00,292.43,296.482,291.94,292.72,112295,2023-01-30 18:00:00+00:00,58.62837900001614,Taurus,Krittika,1,2023-01-30 18:00:00+00:00,58.63338425690017,343.25218592922624,21.874685929226246,2,False,38.630677578924974,218.63067757892497,True,309.7134214282996,False,False,0.2896105446270667,False,271.7284363665476,False,31.253862499635943,False,218.52838992611805,True,188.6374216792667,True,52.95838727864066,False,354.77066859392914,False,272.44147791519435,False,True
2023-02-01 19:35:00-05:00,293.37,297.04,293.1001,296.79,2345476,2023-02-02 00:35:00+00:00,88.59552962500311,Gemini,Mrigashirsha,2,2023-02-02 00:35:00+00:00,88.60053623220301,346.2091279255235,24.83162792552349,3,False,38.51024443852043,218.51024443852043,True,311.95508463151054,False,False,9.596866509789834,False,275.37216736907976,False,32.445673032693776,False,218.71736465024367,True,188.71351920306495,True,52.98506934894118,False,354.7842715778631,False,272.45051888250885,False,True
2023-02-01 23:15:00-05:00,304.15,304.42,300.92,304.37,125624,2023-02-02 04:15:00+00:00,90.60859012501896,Cancer,Mrigashirsha,2,2023-02-02 04:15:00+00:00,90.6135968229355,346.2091279255235,24.83162792552349,3,False,38.502154273363544,218.50215427336354,True,312.1056696405831,False,False,10.222086757836223,False,275.6169370852822,False,32.52573358758673,False,218.73005913552856,True,188.71863109779338,True,52.98686173228964,False,354.7851853660968,False,272.4511262146643,False,True
2023-02-02 13:00:00-05:00,305.85,305.89,301.145,305.45,160469,2023-02-02 18:00:00+00:00,98.15756700001656,Cancer,Ardra,2,2023-02-02 18:00:00+00:00,98.16257403806958,346.2091279255235,24.83162792552349,3,False,38.471816154024964,218.47181615402496,True,312.67036342459687,False,True,12.566662687990174,False,276.5348235210331,False,32.825960668433254,False,218.77766345534656,True,188.73780070302496,True,52.99358316984626,False,354.7886120719733,False,272.45340371024736,False,True
2023-02-02 21:00:00-05:00,311.73,314.0,309.75,311.52,1329817,2023-02-03 02:00:00+00:00,102.5496990000247,Cancer,Ardra,3,2023-02-03 02:00:00+00:00,102.55470623599831,347.19477525762136,25.81727525762136,3,False,38.454164884591705,218.4541648845917,True,312.99891253529677,False,False,13.930779592817998,False,277.06886653819856,False,33.00063824274366,False,218.8053605141497,True,188.748953927887,True,52.99749382442462,False,354.790605791756,False,272.4547287985866,False,True
2023-02-02 21:05:00-05:00,311.46,311.73,308.6,308.83,2454182,2023-02-03 02:05:00+00:00,102.59545037499628,Cancer,Ardra,3,2023-02-03 02:05:00+00:00,102.60045761303627,347.19477525762136,25.81727525762136,3,False,38.45398101720173,218.45398101720173,True,313.00233492186635,False,False,13.944989143899875,False,277.0744294862925,False,33.00245780080877,False,218.8056490251788,True,188.74907010731272,True,52.997534560409804,False,354.7906265596704,False,272.4547426015901,False,True
2023-02-02 21:10:00-05:00,308.84,311.72,308.0,308.23,914470,2023-02-03 02:10:00+00:00,102.64120175001152,Cancer,Ardra,3,2023-02-03 02:10:00+00:00,102.64620899010333,347.19477525762136,25.81727525762136,3,False,38.45379714981186,218.45379714981186,True,313.00575730843593,False,False,13.959198694996303,False,277.07999243438826,False,33.00427735887479,False,218.80593753620803,True,188.74918628673822,True,52.99757529639504,False,354.7906473275848,False,272.45475640459364,False,True
2023-02-02 21:20:00-05:00,307.98,311.72,307.23,308.31,1221033,2023-02-03 02:20:00+00:00,102.73270450001291,Cancer,Ardra,3,2023-02-03 02:20:00+00:00,102.73771174423746,347.19477525762136,25.81727525762136,3,False,38.453429415031906,218.4534294150319,True,313.0126020815769,False,False,13.987617797181883,False,277.0911183305816,False,33.00791647500682,False,218.80651455826649,True,188.74941864558969,True,52.9976567683654,False,354.7906888634136,False,272.4547840106007,False,True
2023-02-02 21:35:00-05:00,311.72,311.72,306.7,306.95,463596,2023-02-03 02:35:00+00:00,102.86995862500044,Cancer,Ardra,3,2023-02-03 02:35:00+00:00,102.87496587540954,347.19477525762136,25.81727525762136,3,False,38.452877812862084,218.45287781286208,True,313.02286924128566,False,False,14.030246450456616,False,277.10780717486705,False,33.013375149203966,False,218.80738009135405,True,188.74976718386654,True,52.997778976321,False,354.7907511671568,False,272.4548254196113,False,True
2023-02-02 22:20:00-05:00,306.92,311.72,306.82,306.9,142025,2023-02-03 03:20:00+00:00,103.28172100000666,Cancer,Ardra,3,2023-02-03 03:20:00+00:00,103.28672826896945,347.19477525762136,25.81727525762136,3,False,38.451223006352734,218.45122300635273,True,313.0536707204137,False,False,14.158132410280814,False,277.15787370772523,False,33.0297511717954,False,218.80997669061685,True,188.75081279869732,True,52.99814560018774,False,354.79093807838643,False,272.4549496466431,False,True
2023-02-03 13:00:00-05:00,307.45,311.953,305.29,308.86,161795,2023-02-03 18:00:00+00:00,111.33396300001186,Cancer,Punarvasu,3,2023-02-03 18:00:00+00:00,111.33897063179757,347.19477525762136,25.81727525762136,3,False,38.41886234572496,218.41886234572496,True,313.65601075669656,False,False,16.65901340245182,False,278.13695257252766,True,33.34999339136539,False,218.86075463175598,True,188.77126037761104,True,53.00531513358146,False,354.79459323132136,False,272.457378975265,False,True
2023-02-03 13:30:00-05:00,309.2,309.2,306.01,306.8,1152799,2023-02-03 18:30:00+00:00,111.608471250016,Cancer,Punarvasu,3,2023-02-03 18:30:00+00:00,111.61347889418539,347.19477525762136,25.81727525762136,3,False,38.41775914138543,218.41775914138543,True,313.6765450761159,False,False,16.744270709001285,False,278.1703302611022,True,33.360910739759674,False,218.86248569793122,True,188.77195745416498,True,53.0055595494926,False,354.79471783880774,False,272.4574617932862,False,True
2023-02-06 13:00:00-05:00,303.3,306.409,302.3185,303.75,127684,2023-02-06 18:00:00+00:00,150.8631510000123,Virgo,Magha,4,2023-02-06 18:00:00+00:00,150.86816041298152,350.1517172539186,28.774217253918607,5,False,38.26000092082495,218.26000092082495,True,316.6129527529938,False,False,28.936065545814927,False,282.94333972701315,False,34.92209156016179,False,219.11002816098448,True,188.8716394013693,True,53.040511024787065,False,354.81253670936553,False,272.469304770318,False,True
2023-02-09 13:00:00-05:00,307.99,308.51,304.598,307.62,84182,2023-02-09 18:00:00+00:00,190.39233900001275,Libra,Hasta,6,2023-02-09 18:00:00+00:00,190.39735019415093,353.10865925021585,31.731159250215853,6,False,38.10113949592494,218.10113949592494,True,319.56989474929105,False,False,41.21311768918531,False,287.74972688149865,False,36.4941897289591,False,219.359301690213,False,188.97201842512754,True,53.07570691599261,False,354.83048018740965,False,272.481230565371,False,True
2023-02-10 13:00:00-05:00,298.53,302.2,297.93,298.57,168357,2023-02-10 18:00:00+00:00,203.568735000008,Libra,Chitra,6,2023-02-10 18:00:00+00:00,203.57374678787892,354.09430658231554,32.71680658231554,6,False,38.04818568762494,218.04818568762494,True,320.5555420813889,False,False,45.30546840363968,False,289.351855932995,False,37.01822245189123,False,219.4423928666224,False,189.00547809971363,True,53.08743887972781,False,354.83646134675774,False,272.4852058303887,False,True
2023-02-13 13:00:00-05:00,301.08,301.85,298.33,301.46,105492,2023-02-13 18:00:00+00:00,243.09792300000845,Sagittarius,Anuradha,7,2023-02-13 18:00:00+00:00,243.10293656906288,357.0512485786128,35.67374857861279,7,False,37.88932426272504,217.88932426272504,True,323.51248407768617,False,False,57.58252054701006,False,294.1582430874787,False,38.590320620687635,True,219.69166639585092,False,189.10585712347188,True,53.122634770933416,False,354.85440482480186,False,272.4971316254417,False,True
2023-02-14 13:30:00-05:00,305.38,308.0,302.58,306.33,1767000,2023-02-14 18:30:00+00:00,256.54882725002244,Sagittarius,Jyeshtha,8,2023-02-14 18:30:00+00:00,256.55384142516414,358.0368959107125,36.659395910712476,8,False,37.835267250085394,217.8352672500854,True,324.51866572920517,False,False,61.76012856802117,False,295.7937498275478,False,39.125270692014965,False,219.7764886384357,False,189.14001387461178,False,53.13461115057976,False,354.86051059163634,False,272.5011897084806,False,False
2023-02-16 21:00:00-05:00,303.28,309.2121,302.94,303.21,627846,2023-02-17 02:00:00+00:00,287.019243000017,Capricorn,Purva Ashadha,9,2023-02-17 02:00:00+00:00,287.02425854814646,0.9938379070097199,39.61633790700972,9,False,37.71281156839166,217.71281156839166,True,326.79797518468513,False,False,71.223689595201,False,299.49867325913146,False,40.337096363795354,False,219.96863698388256,False,189.21738937209216,False,53.16174131671744,False,354.87434202262875,False,272.5103825088339,False,False
2023-02-16 21:25:00-05:00,302.84,307.84,302.68,302.68,133776,2023-02-17 02:25:00+00:00,287.24799987502047,Capricorn,Purva Ashadha,9,2023-02-17 02:25:00+00:00,287.2530154334672,0.9938379070097199,39.61633790700972,9,False,37.71189223144199,217.711892231442,True,326.81508711753304,False,False,71.29473735066131,False,299.52648799960843,False,40.34619415412453,False,219.97007953902857,False,189.21797026922036,False,53.16194499664334,False,354.87444586220073,False,272.5104515238516,False,False
2023-02-24 13:00:00-05:00,294.25,297.042,293.9196,294.2,90778,2023-02-24 18:00:00+00:00,28.03827900001488,Aries,Ashwini,12,2023-02-24 18:00:00+00:00,28.043299100041622,7.893369231702081,46.515869231702084,12,False,37.306832371425,217.306832371425,True,334.3546047307773,False,False,102.59837840602995,False,311.7816626539261,False,44.354680572942925,False,220.60566933635528,False,189.47391354391868,False,53.25168637202057,False,354.92019757763046,False,272.54085954063606,False,False
2023-03-02 13:00:00-05:00,289.2,291.418,288.25,289.41,100644,2023-03-02 18:00:00+00:00,107.09665500001574,Cancer,Punarvasu,3,2023-03-02 18:00:00+00:00,107.10167866239499,13.807253224296574,52.429753224296576,2,False,36.98910952162498,216.98910952162498,True,340.2684887233718,False,False,127.15248269277072,False,321.39443696289527,False,47.49887691053573,False,221.10421639481228,False,189.67467159143507,False,53.32207815443178,False,354.9560845337188,False,272.56471113074207,False,False
2023-03-10 13:30:00-05:00,292.81,295.05,290.89,294.5,1349858,2023-03-10 18:30:00+00:00,212.7823312500113,Scorpio,Swati,6,2023-03-10 18:30:00+00:00,212.7873596745776,21.692431881090442,60.314931881090445,6,False,36.564375850885426,216.56437585088543,False,348.17420169958314,False,False,159.9765457149697,False,334.2448470634299,False,51.702056042388904,False,221.7706768722635,False,189.94304606467767,False,53.41617828022447,False,355.0040584159897,False,272.5965960689046,False,False
2023-03-10 13:40:00-05:00,294.02,294.75,291.09,294.57,388777,2023-03-10 18:40:00+00:00,212.87383399999817,Scorpio,Swati,6,2023-03-10 18:40:00+00:00,212.87886242869718,21.692431881090442,60.314931881090445,6,False,36.56400811610558,216.56400811610558,False,348.1810464727223,False,False,160.004964817148,False,334.2559729596196,False,51.70569515852003,False,221.77125389432172,False,189.9432784235289,False,53.41625975219483,False,355.00409995181843,False,272.59662367491165,False,False
2023-11-14 13:30:00-05:00,378.34,383.8,377.0,383.09,1545187,2023-11-14 18:30:00+00:00,253.704935250018,Sagittarius,Jyeshtha,8,2023-11-14 18:30:00+00:00,253.71011151230778,267.11861757376187,305.74111757376187,11,False,23.378877584185375,203.37887758418537,False,233.60038739225456,False,False,98.97187361457327,True,13.174980885709374,False,182.18620405252022,False,242.46037979822688,False,198.27450503661055,False,56.33743725028842,False,356.493367093655,False,273.5864370583039,False,True
2023-12-21 14:25:00-05:00,406.97,407.16,403.08,407.08,181211,2023-12-21 19:25:00+00:00,21.734852375011545,Aries,Revati,12,2023-12-21 19:25:00+00:00,21.740050627820892,303.5875688614285,342.2100688614285,2,False,21.41756413579617,201.41756413579617,False,270.1069849321884,False,False,250.5451551114602,False,72.51494822007771,False,201.59542993973628,False,245.53792694669926,False,199.51379096997744,False,56.77196800432779,False,356.7148984365914,False,273.73367369699645,False,False
2023-12-21 21:30:00-05:00,407.83,407.85,403.08,407.81,43157,2023-12-22 02:30:00+00:00,25.62371924999752,Aries,Ashwini,12,2023-12-22 02:30:00+00:00,25.628917678055586,304.5732161935264,343.1957161935264,2,False,21.401935407652104,201.4019354076521,False,270.3978877906193,False,False,251.75296695426368,False,72.98779880819166,False,201.75009237532413,False,245.56245038418115,False,199.52366622115733,False,56.77543056306911,False,356.71666370931564,False,273.73484695229683,False,False
2024-01-02 13:00:00-05:00,408.41,410.0,404.84,405.1,75278,2024-01-02 18:00:00+00:00,179.07383100001607,Virgo,Uttara Phalguni,5,2024-01-02 18:00:00+00:00,179.07903634248942,315.4153368466175,354.0378368466175,7,False,20.785244181825078,200.78524418182508,False,281.8765723456909,False,False,299.4118013163752,False,91.64592672039544,False,207.85289012780595,False,246.53011637611678,False,199.91333201477437,False,56.912059057401905,False,356.7863192942232,False,273.7811422261484,False,False
2024-01-02 13:05:00-05:00,409.48,409.88,404.93,405.13,30192,2024-01-02 18:05:00+00:00,179.11958237501676,Virgo,Uttara Phalguni,5,2024-01-02 18:05:00+00:00,179.12478771955648,315.4153368466175,354.0378368466175,7,False,20.7850603144351,200.7850603144351,False,281.87999473226046,False,False,299.42601086746436,False,91.65148966849301,False,207.85470968587197,False,246.530404887146,False,199.9134481942001,False,56.912099793387085,False,356.7863400621376,False,273.78115602915193,False,False
2024-01-11 13:30:00-05:00,410.96,411.36,407.6,408.95,768208,2024-01-11 18:30:00+00:00,297.9359032500215,Capricorn,Uttara Ashadha,9,2024-01-11 18:30:00+00:00,297.9411139484,324.28616283550923,2.908662835509233,10,False,20.307556702785405,200.3075567027854,False,290.7679326540019,False,False,336.3282150530358,False,106.09846587242646,False,212.58010198259126,False,247.27966802997742,False,200.21516616260294,False,57.0178911469298,False,356.8402743358421,False,273.8170024293286,False,False
2024-01-17 13:00:00-05:00,407.8086,409.213,406.08,407.49,88890,2024-01-17 18:00:00+00:00,16.719771000003675,Aries,Revati,12,2024-01-17 18:00:00+00:00,16.724985248380108,330.2000468281037,8.822546828103725,1,False,19.990937057325027,199.99093705732503,False,296.6612823271771,False,False,0.797062033219845,False,115.6778624928229,False,215.71338097178977,False,247.77648402225918,False,200.4152271335655,False,57.088038513429865,False,356.876036684444,False,273.8407712014134,False,False
2024-01-18 13:00:00-05:00,410.3802,411.1,406.86,410.86,109083,2024-01-18 18:00:00+00:00,29.89616700001352,Aries,Ashwini,12,2024-01-18 18:00:00+00:00,29.901381842108094,331.1856941602016,9.808194160201595,1,False,19.937983249025024,199.93798324902502,False,297.6469296592768,False,False,4.889412747674214,False,117.27999154431745,False,216.2374136947219,False,247.8595751986686,False,200.4486868081516,False,57.099770477165066,False,356.8820178437921,False,273.8447464664311,False,False
2024-01-19 21:00:00-05:00,421.22,421.69,418.134,421.66,1295605,2024-01-20 02:00:00+00:00,47.46469500001695,Taurus,Bharani,1,2024-01-20 02:00:00+00:00,47.46991063375026,333.15698882440097,11.779488824400971,2,False,19.867378171291648,199.86737817129165,False,298.9611261020764,False,False,10.345880366949132,False,119.41616361297929,False,216.93612399196536,False,247.9703634338813,False,200.4932997075997,False,57.11541309547863,False,356.8899927229228,False,273.85004681978796,False,False
2024-01-22 13:10:00-05:00,424.09,424.09,420.865,424.06,29364,2024-01-22 18:10:00+00:00,82.69325375002518,Gemini,Mrigashirsha,2,2024-01-22 18:10:00+00:00,82.69847097113961,335.1282834885985,13.750783488598529,3,False,19.725800281045167,199.72580028104517,False,301.5963637608129,False,False,21.287234707684547,False,123.69963364649084,False,218.33718370258248,True,248.1925169263651,True,200.58275786534728,False,57.14677980407623,False,356.9059840170131,False,273.86067513250885,False,True
2024-01-24 13:00:00-05:00,426.25,427.09,423.797,425.4,126661,2024-01-24 18:00:00+00:00,108.95454300001438,Cancer,Punarvasu,3,2024-01-24 18:00:00+00:00,108.95976140446146,337.0995781527961,15.722078152796087,4,False,19.620260399225003,199.620260399225,False,303.5608136518713,False,False,29.443517034407705,False,126.89276585328844,False,219.38161003231562,False,248.35812225712561,True,200.64944485566798,False,57.170162259576216,False,356.9179047998804,False,273.8685980565371,False,True
2024-01-24 21:10:00-05:00,424.91,427.8713,424.53,425.16,415987,2024-01-25 02:10:00+00:00,113.43817775000934,Cancer,Punarvasu,3,2024-01-25 02:10:00+00:00,113.44339635648066,338.0852254848958,16.707725484895775,4,False,19.602241395011788,199.6022413950118,False,303.89620753571035,False,False,30.836053041413834,False,127.4379347666436,False,219.55992672275715,False,248.3863963379871,True,200.66083043938136,False,57.174154386125,False,356.9199400554919,False,273.8699507508834,False,True
2024-01-26 13:05:00-05:00,424.81,426.669,422.31,425.06,27767,2024-01-26 18:05:00+00:00,135.3530863750202,Leo,Ashlesha,4,2024-01-26 18:05:00+00:00,135.3583059689845,339.07087281699546,17.693372816995463,4,False,19.514168915235018,199.51416891523502,False,305.5355307026384,False,False,37.64242801442015,False,130.10258690437513,False,220.4314950362459,False,248.5245931209738,True,200.71648038426588,False,57.1936669230318,False,356.9298878864909,False,273.87656238957595,False,True
2024-01-30 22:30:00-05:00,421.16,425.3,421.08,421.24,132914,2024-01-31 03:30:00+00:00,193.2285757500213,Libra,Hasta,6,2024-01-31 03:30:00+00:00,193.23379795183428,343.99910947749026,22.621609477490267,6,False,19.28157666697291,199.2815766669729,False,309.8648497134218,False,False,55.61751014562469,False,137.13971624514306,False,222.7332359894035,False,248.88955957291137,True,200.86344735770808,False,57.245197944299264,False,356.95615929821065,False,273.8940231890459,False,True
2024-01-31 13:00:00-05:00,420.63,424.982,419.6296,421.45,101804,2024-01-31 18:00:00+00:00,201.1893150000105,Libra,Chitra,6,2024-01-31 18:00:00+00:00,201.1945375605428,343.99910947749026,22.621609477490267,6,False,19.24958374112498,199.24958374112498,False,310.46034497656365,False,False,58.08997203560284,False,138.10766921375398,False,223.04983909284147,False,248.93976049199205,True,200.88366257777056,False,57.25228600572257,False,356.95977291531676,False,273.8964249116608,False,True
2024-02-01 21:20:00-05:00,421.88,425.31,421.88,425.17,244060,2024-02-02 02:20:00+00:00,218.9408485000168,Scorpio,Swati,7,2024-02-02 02:20:00+00:00,218.94607186042413,345.9704041416878,24.592904141687825,7,False,19.178243193831918,199.17824319383192,False,311.7882309656434,False,True,63.60327785924892,False,140.26609307479703,False,223.75582762234717,False,249.05170277132152,True,200.92874019492126,False,57.26809156797697,False,356.96783086610515,False,273.9017804770318,False,True
2024-02-01 22:55:00-05:00,425.54,425.8,416.97,425.8,269928,2024-02-02 03:55:00+00:00,219.8101246250153,Scorpio,Swati,7,2024-02-02 03:55:00+00:00,219.81534802459646,345.9704041416878,24.592904141687825,7,False,19.17474971342324,199.17474971342324,False,311.8532563104691,False,False,63.87325932999374,False,140.37178908861097,False,223.79039922559696,False,249.05718448087634,True,200.93094760400857,False,57.268865551695626,False,356.96822545647876,False,273.9020427340989,False,True
2024-02-02 13:00:00-05:00,426.5,427.05,421.564,426.79,112705,2024-02-02 18:00:00+00:00,227.54210700001568,Scorpio,Vishakha,7,2024-02-02 18:00:00+00:00,227.54733074799879,345.9704041416878,24.592904141687825,7,False,19.143676124524973,199.14367612452497,False,312.431639640763,False,False,66.27467346451886,False,141.3119273167449,False,224.09790453870573,False,249.105942844811,True,200.95058192694273,False,57.27574993319297,False,356.97173523401284,False,273.9043754416961,False,True
2024-02-13 13:00:00-05:00,435.01,435.3,431.6696,435.14,119890,2024-02-13 18:00:00+00:00,12.482463000007556,Aries,Revati,12,2024-02-13 18:00:00+00:00,12.487693278977531,356.81252479477894,35.43502479477894,12,False,18.561184233224935,198.56118423322494,False,323.2737602938523,False,False,111.29053132353874,False,158.9353468831905,True,229.86226449096102,False,250.01994578531537,False,201.31863834738954,False,57.40480153428018,False,357.03752798684144,False,273.94810335689044,False,True
2024-02-13 13:30:00-05:00,432.8,433.05,428.46,428.81,898049,2024-02-13 18:30:00+00:00,12.756971250011702,Aries,Revati,12,2024-02-13 18:30:00+00:00,12.762201541350805,356.81252479477894,35.43502479477894,12,False,18.560081028885406,198.5600810288854,False,323.29429461327163,False,False,111.37578863008821,False,158.96872457176323,True,229.8731818393553,False,250.0216768514906,False,201.31933542394347,False,57.40504595019132,False,357.0376525943279,False,273.94818617491165,False,True
2024-02-21 21:20:00-05:00,425.45,427.47,422.59,425.55,461409,2024-02-22 02:20:00+00:00,122.4687685000099,Leo,Pushya,3,2024-02-22 02:20:00+00:00,122.4740037349402,5.683350783670676,44.30585078367068,3,False,18.119167027831963,198.11916702783196,False,331.5011776076244,False,False,145.45029214837268,False,172.3086741046991,False,234.23648208099257,False,250.7135262995114,False,201.59793368664282,False,57.502730842680876,False,357.0874540530662,False,273.98128577738515,False,False
2024-02-22 13:00:00-05:00,434.3,435.0904,431.9,434.24,123412,2024-02-22 18:00:00+00:00,131.07002700000885,Leo,Ashlesha,4,2024-02-22 18:00:00+00:00,131.0752626225003,5.683350783670676,44.30585078367068,3,False,18.08459995852502,198.08459995852502,False,332.14458628274406,False,False,148.12168775364262,False,173.35450834664516,False,234.57855899735114,False,250.76776637300088,False,201.61977541866418,False,57.510389207896935,False,357.09135842097396,False,273.98388074204945,False,False
2024-03-01 19:30:00-05:00,446.47,446.58,442.8143,446.08,755553,2024-03-02 00:30:00+00:00,240.0498022500251,Sagittarius,Anuradha,7,2024-03-02 00:30:00+00:00,240.05504278311855,14.554176772562414,53.176676772562416,7,False,17.646627835710433,197.64662783571043,False,340.2967110919817,False,False,181.968838454457,False,186.60545071005436,False,238.91274630993667,False,251.4549996445544,False,201.8965148105533,False,57.60742232462343,False,357.1408275930818,False,274.0167594964664,False,False
2024-03-05 13:00:00-05:00,441.69,443.687,440.4104,441.61,107850,2024-03-05 18:00:00+00:00,289.1867790000106,Capricorn,Purva Ashadha,9,2024-03-05 18:00:00+00:00,289.1920217472216,17.51111876885966,56.13361876885966,8,False,17.449154258924978,197.44915425892498,False,343.97235426793304,False,False,197.22989632711688,False,192.58005696458713,False,240.86695167253765,False,251.76486048991478,False,202.02129151369718,False,57.65117277271929,False,357.1631323331506,False,274.03158392226146,False,False
2024-03-06 13:00:00-05:00,438.69,439.76,435.723,439.75,105232,2024-03-06 18:00:00+00:00,302.36317500000587,Aquarius,Uttara Ashadha,9,2024-03-06 18:00:00+00:00,302.3684183409496,18.49676610095753,57.11926610095753,9,False,17.396200450624974,197.39620045062497,False,344.95800160003273,False,False,201.32224704157125,False,194.1821860160817,False,241.3909843954698,False,251.8479516663242,False,202.05475118828326,False,57.66290473645449,False,357.16911349249864,False,274.03555918727915,False,False
2024-03-07 13:00:00-05:00,440.6022,441.19,436.03,437.38,87520,2024-03-07 18:00:00+00:00,315.5395710000157,Aquarius,Shravana,10,2024-03-07 18:00:00+00:00,315.544814934663,19.482413433057218,58.10491343305722,9,False,17.34324664232497,197.34324664232497,False,345.9436489321306,False,False,205.41459775602561,False,195.78431506757806,False,241.91501711840283,False,251.93104284273375,False,202.08821086286935,False,57.674636700189694,False,357.1750946518467,False,274.03953445229683,False,False
2024-03-07 13:05:00-05:00,437.64,440.76,436.18,440.76,22868,2024-03-07 18:05:00+00:00,315.5853223750164,Aquarius,Shravana,10,2024-03-07 18:05:00+00:00,315.5905663117301,19.482413433057218,58.10491343305722,9,False,17.343062774934992,197.343062774935,False,345.947071318702,False,False,205.42880730712204,False,195.78987801567382,False,241.91683667646794,False,251.93133135376297,False,202.08832704229496,False,57.674677436174875,False,357.1751154197611,False,274.03954825530036,False,False
2024-03-08 13:30:00-05:00,444.81,446.99,443.22,445.79,557844,2024-03-08 18:30:00+00:00,328.99047525001515,Aquarius,Dhanishta,10,2024-03-08 18:30:00+00:00,328.9957197907788,20.468060765156906,59.09056076515691,9,False,17.28918962968544,197.28918962968544,False,346.9498305836496,False,False,209.59220577703672,False,197.41982180764717,False,242.44996718972925,False,252.0158650853184,False,202.12236761400925,False,57.686613079836036,False,357.18120041868116,False,274.0435925353357,False,False
2024-11-04 13:00:00-05:00,488.09,489.86,486.46,488.03,78427,2024-11-04 18:00:00+00:00,264.2274030000117,Sagittarius,Mula,8,2024-11-04 18:00:00+00:00,264.23279061631183,258.00906780103446,296.63156780103446,11,False,4.528425033724943,184.52842503372494,False,224.47030330010966,False,False,115.76347065443406,False,223.49954552939198,False,8.730936068008305,True,272.0391075338307,False,210.18545211269975,False,60.51377192410723,False,358.6225352140757,False,275.0015485865724,False,True
2024-11-06 09:00:00-05:00,501.0,501.5,498.22,500.76,39361,2024-11-06 14:00:00+00:00,288.3841290000128,Capricorn,Purva Ashadha,9,2024-11-06 14:00:00+00:00,288.3895177048107,259.98036246523384,298.60286246523384,12,False,4.431343051841623,184.43134305184162,False,226.27732340895818,False,False,123.2661136309398,False,226.43678212379928,False,9.691662726717368,False,272.1914413572482,False,210.2467948494409,False,60.53528052428845,False,358.6335006728805,False,275.00883657243816,False,False
2024-11-06 13:00:00-05:00,498.68,501.5604,495.13,500.25,292985,2024-11-06 18:00:00+00:00,290.58019500001683,Capricorn,Purva Ashadha,9,2024-11-06 18:00:00+00:00,290.5855838037678,259.98036246523384,298.60286246523384,12,False,4.42251741712505,184.42251741712505,False,226.44159796430722,False,False,123.94817208335007,False,226.7038036323811,False,9.779001513872572,False,272.20528988664967,False,210.2523714618718,False,60.537235851577634,False,358.6344975327718,False,275.0094991166078,False,False
2024-11-15 13:00:00-05:00,505.03,506.94,503.78,505.2701,52472,2024-11-15 18:00:00+00:00,49.16775900000357,Taurus,Bharani,1,2024-11-15 18:00:00+00:00,49.17315314729058,268.8511884541256,307.4736884541256,4,False,3.9459331424250195,183.94593314242502,False,235.31242395319896,False,False,160.77932851345395,False,241.12296509583757,False,14.495296020262685,False,272.9531104743352,False,210.55350853314644,False,60.64282352519439,False,358.68832796690424,False,275.0452765017668,False,False
2024-11-19 13:00:00-05:00,499.78,501.2,497.1096,499.45,44887,2024-11-19 18:00:00+00:00,101.87334300001385,Cancer,Ardra,3,2024-11-19 18:00:00+00:00,101.87873952220252,272.7937777825225,311.4162777825225,6,False,3.734117909225006,183.734117909225,False,239.2550132815959,False,False,177.1487313712787,False,247.53148130181762,False,16.59142691199213,False,273.2854751799731,False,210.68734723149078,False,60.68975138013519,False,358.7122526042965,False,275.06117756183744,False,False
2024-11-20 21:20:00-05:00,503.5601,503.5601,499.48,502.26,538040,2024-11-21 02:20:00+00:00,119.62487650002004,Cancer,Pushya,3,2024-11-21 02:20:00+00:00,119.63027382208384,274.76507244672007,313.38757244672007,6,False,3.662777361931944,183.66277736193194,False,240.5828992706738,False,False,182.66203719492478,False,249.68990516286067,False,17.297415441497833,False,273.3974174593026,False,210.73242484864159,False,60.705556942389535,False,358.72031055508484,False,275.06653312720846,False,False
2024-11-21 13:00:00-05:00,502.61,504.55,500.0,503.55,110476,2024-11-21 18:00:00+00:00,128.22613500000443,Leo,Pushya,3,2024-11-21 18:00:00+00:00,128.23153270964394,274.76507244672007,313.38757244672007,6,False,3.628210292624999,183.628210292625,False,241.22630794579345,False,True,185.33343280019471,False,250.73573940480856,False,17.639492357856398,False,273.45165753279207,False,210.75426658066294,False,60.71321530760554,False,358.7242149229926,False,275.0691280918728,False,True
2024-11-21 14:35:00-05:00,504.31,504.4,500.36,500.93,1347590,2024-11-21 19:35:00+00:00,129.09541112501756,Leo,Pushya,4,2024-11-21 19:35:00+00:00,129.10080887383083,274.76507244672007,313.38757244672007,6,False,3.6247168122163202,183.62471681221632,False,241.29133329062097,False,True,185.60341427093954,False,250.8414354186225,False,17.674063961105276,False,273.4571392423469,False,210.75647398975025,False,60.7139892913242,False,358.72460951336626,False,275.0693903489399,False,True
2024-11-22 13:00:00-05:00,504.12,505.18,502.1796,504.64,77424,2024-11-22 18:00:00+00:00,141.40253100001428,Leo,Ashlesha,4,2024-11-22 18:00:00+00:00,141.40792930337193,275.75071977881976,314.37321977881976,7,False,3.5752564843249957,183.575256484325,False,242.21195527789314,False,False,189.42578351464908,False,252.3378684563031,False,18.16352508078853,False,273.5347487092016,False,210.78772625524903,False,60.72494727134074,False,358.7301960823406,False,275.07310335689044,False,False
2024-11-25 13:10:00-05:00,505.411,508.5,505.411,508.23,14567,2024-11-25 18:10:00+00:00,181.0232217500161,Libra,Uttara Phalguni,5,2024-11-25 18:10:00+00:00,181.02862183869001,278.707661775117,317.330161775117,8,False,3.4160273246451425,183.41602732464514,False,245.17574204733137,False,False,201.73125476020505,False,257.1553815069801,False,19.739262365716968,False,273.78459926048856,False,210.8883376378585,False,60.76022463451676,False,358.7481810962136,False,275.08505675795055,False,False
2024-12-04 13:00:00-05:00,520.4,520.56,517.257,520.26,78810,2024-12-04 18:00:00+00:00,299.519283000016,Capricorn,Uttara Ashadha,9,2024-12-04 18:00:00+00:00,299.52468842807866,287.57848776400874,326.20098776400874,12,False,2.939810784724955,182.93981078472495,False,254.03972326308212,False,False,238.53399208812334,False,271.56341707424326,False,24.451917755975956,False,274.5318428261155,False,211.18924235028203,False,60.86573083616315,False,358.80196999451726,False,275.12080653710245,False,False
2024-12-11 21:10:00-05:00,529.15,529.39,520.6,529.37,582840,2024-12-12 02:10:00+00:00,36.23768975000712,Taurus,Ashwini,12,2024-12-12 02:10:00+00:00,36.24309953619377,295.4636664208008,334.0861664208008,3,False,2.5511151224118294,182.55111512241183,False,261.27464847161536,False,False,268.57298309631733,False,283.3234893480658,False,28.298463506943335,False,275.1417551418434,False,211.43484565609788,False,60.951846708858284,False,358.8458733655651,False,275.1499860865724,False,False
2024-12-13 13:00:00-05:00,530.5,531.57,528.33,531.28,117323,2024-12-13 18:00:00+00:00,58.1068470000173,Taurus,Krittika,1,2024-12-13 18:00:00+00:00,58.11225777161599,296.4493137529005,335.0718137529005,3,False,2.463226510025038,182.46322651002504,False,262.91054925197386,False,False,275.3651485182272,False,285.98257853769974,False,29.16821226236607,False,275.2796634138009,False,211.49037942155667,False,60.971318509779906,False,358.8558004286498,False,275.15658392226146,False,False
2024-12-18 19:05:00-05:00,533.97,533.97,530.695,531.01,981894,2024-12-19 00:05:00+00:00,127.3286773750151,Leo,Pushya,3,2024-12-19 00:05:00+00:00,127.33409126574406,302.363197745495,340.985697745495,5,False,2.185035149060127,182.18503514906013,False,268.08862013206453,False,False,296.8641993202182,False,294.39931900614465,False,31.921203615826016,False,275.71618060098,False,211.66615889255922,False,61.03295205537489,False,358.88722228314145,False,275.1774678666078,False,False
2024-12-18 20:35:00-05:00,521.14,521.27,517.58,517.79,2358848,2024-12-19 01:35:00+00:00,128.152202125013,Leo,Pushya,3,2024-12-19 01:35:00+00:00,128.15761605284933,302.363197745495,340.985697745495,5,False,2.181725536041313,182.1817255360413,False,268.15022309032065,False,True,297.11997123987385,False,294.49945207186465,False,31.953955661009786,False,275.7213737995056,False,211.6682501222208,False,61.033685303108314,False,358.8875961056007,False,275.1777163206714,False,True
2024-12-18 20:45:00-05:00,515.69,519.5,515.01,519.46,2562344,2024-12-19 01:45:00+00:00,128.24370487499982,Leo,Pushya,3,2024-12-19 01:45:00+00:00,128.2491188069689,302.363197745495,340.985697745495,5,False,2.18135780126147,182.18135780126147,False,268.1570678634598,False,True,297.14839034205215,False,294.51057796805253,False,31.957594777140002,False,275.72195082156384,False,211.66848248107203,False,61.033766775078675,False,358.8876376414295,False,275.17774392667843,False,True
2024-12-18 20:55:00-05:00,521.09,521.1,516.04,516.53,5415706,2024-12-19 01:55:00+00:00,128.33520762501576,Leo,Pushya,3,2024-12-19 01:55:00+00:00,128.34062156110303,302.363197745495,340.985697745495,5,False,2.180990066481627,182.18099006648163,False,268.163912636599,False,True,297.17680944423773,False,294.52170386424586,False,31.961233893272038,False,275.7225278436224,False,211.66871483992338,False,61.03384824704909,False,358.8876791772583,False,275.1777715326855,False,True
2024-12-18 21:00:00-05:00,516.49,516.98,512.08,513.43,1006555,2024-12-19 02:00:00+00:00,128.38095900001645,Leo,Pushya,3,2024-12-19 02:00:00+00:00,128.3863729381701,302.363197745495,340.985697745495,5,False,2.1808061990916485,182.18080619909165,False,268.1673350231704,False,True,297.19101899533416,False,294.5272668123416,False,31.963053451338055,False,275.7228163546516,False,211.668831019349,False,61.033888983034274,False,358.8876999451727,False,275.17778533568907,False,True
2024-12-18 21:05:00-05:00,513.39,516.47,512.24,513.38,777879,2024-12-19 02:05:00+00:00,128.4267103750026,Leo,Pushya,3,2024-12-19 02:05:00+00:00,128.43212431520806,302.363197745495,340.985697745495,5,False,2.18062233170167,182.18062233170167,False,268.17075740973814,False,True,297.20522854641604,False,294.53282976043374,False,31.964873009403163,False,275.7231048656806,False,211.66894719877473,False,61.033929719019454,False,358.8877207130871,False,275.1777991386926,False,True
2024-12-19 13:00:00-05:00,518.79,521.34,515.5,520.92,200301,2024-12-19 18:00:00+00:00,137.1652230000036,Leo,Ashlesha,4,2024-12-19 18:00:00+00:00,137.17063733396935,302.363197745495,340.985697745495,6,False,2.1455036602250175,182.14550366022502,False,268.82443324456835,False,False,299.919252804968,False,295.5953528466707,False,32.31240859995978,False,275.7782104722579,False,211.69113746907306,False,61.041710292191055,False,358.8916873847381,False,275.18043551236747,False,False
2024-12-19 21:00:00-05:00,514.16,517.8595,513.76,514.58,430642,2024-12-20 02:00:00+00:00,141.55735500001174,Leo,Ashlesha,4,2024-12-20 02:00:00+00:00,141.56276953188353,303.34884507759284,341.97134507759284,6,False,2.127852390791645,182.12785239079165,False,269.15298235526825,False,False,301.28336970978853,False,296.1293958638362,False,32.48708617427019,False,275.80590753106105,False,211.70229069393508,False,61.045620946769475,False,358.8936811045208,False,275.1817606007067,False,False
2024-12-20 13:00:00-05:00,507.36,512.5,505.4581,507.86,212549,2024-12-20 18:00:00+00:00,150.34161900001345,Virgo,Magha,4,2024-12-20 18:00:00+00:00,150.34703392769734,303.34884507759284,341.97134507759284,6,False,2.092549851925014,182.092549851925,False,269.81008057666804,False,False,304.01160351942235,False,297.1974818981653,False,32.836441322891915,False,275.86130164866734,False,211.72459714365914,False,61.05344225592626,False,358.8976685440861,False,275.18441077738515,False,False
2024-12-20 20:50:00-05:00,520.4,523.0,518.22,518.89,2144442,2024-12-21 01:50:00+00:00,154.64224825000565,Virgo,Magha,4,2024-12-21 01:50:00+00:00,154.6476633714774,304.33449240969253,342.95699240969253,6,False,2.0752663172715984,182.0752663172716,False,270.13178491422696,False,False,305.3473013220573,False,297.7203990191392,False,33.0074797810712,False,275.88842168541214,False,211.73551800966993,False,61.05727143853426,False,358.89962072804,False,275.18570825971733,False,False
2024-12-23 13:00:00-05:00,518.91,522.37,518.298,520.11,94189,2024-12-23 18:00:00+00:00,189.87080700001388,Libra,Hasta,6,2024-12-23 18:00:00+00:00,189.8762237088813,306.3057870738901,344.9282870738901,7,False,1.9336884270250039,181.933688427025,False,272.7670225729653,False,False,316.28865566279273,False,302.00386905265077,False,34.408539491688316,False,276.11057517789584,False,211.8249761674174,False,61.08863814713186,False,358.9156120221303,False,275.19633657243816,False,False
2024-12-26 13:00:00-05:00,528.5,531.52,526.876,527.98,100144,2024-12-26 18:00:00+00:00,229.39999500001431,Scorpio,Vishakha,7,2024-12-26 18:00:00+00:00,229.4054134900507,309.26272907018733,347.88522907018734,9,False,1.7748270021249937,181.774827002125,False,275.72396456926253,False,False,328.5657078061631,False,306.81025620713626,False,35.98063766048472,False,276.35984870712434,False,211.92535519117564,False,61.12383403833746,False,358.93355550017446,False,275.20826236749116,False,False
2024-12-30 13:00:00-05:00,520.98,522.2,516.45,517.47,97700,2024-12-30 18:00:00+00:00,282.10557900001004,Capricorn,Purva Ashadha,9,2024-12-30 18:00:00+00:00,282.11099986496265,313.20531839858427,351.82781839858427,10,False,1.56301176892498,181.56301176892498,False,279.66655389765765,False,False,344.93511066398787,False,313.2187724131163,False,38.07676855221416,False,276.69221341276227,False,212.05919388951997,False,61.17076189327827,False,358.9574801375667,False,275.22416342756185,False,False
2024-12-31 13:00:00-05:00,518.2,518.4592,514.81,516.86,98690,2024-12-31 18:00:00+00:00,295.28197500000533,Capricorn,Uttara Ashadha,9,2024-12-31 18:00:00+00:00,295.2873964586761,314.19096573068396,352.81346573068396,11,False,1.5100579606249767,181.51005796062498,False,280.65220122975734,False,False,349.02746137844224,False,314.82090146461087,False,38.600801275146296,True,276.7753045891718,False,212.09265356410606,False,61.18249385701347,False,358.9634612969147,False,275.2281386925795,False,True
2025-01-02 13:00:00-05:00,517.4,517.72,513.9,516.69,97157,2025-01-02 18:00:00+00:00,321.63476700001047,Aquarius,Dhanishta,10,2025-01-02 18:00:00+00:00,321.64018964613206,316.1622603948815,354.7847603948815,11,False,1.4041503440249699,181.40415034402497,False,282.6234958939549,False,False,357.212162807351,False,318.0251595676018,False,39.64886672101056,False,276.9414869419908,False,212.15957291327823,False,61.205957784483815,False,358.97542361561085,False,275.23608922261485,False,False
2025-01-02 13:35:00-05:00,516.57,516.98,511.23,516.81,16985,2025-01-02 18:35:00+00:00,321.9550266250008,Aquarius,Dhanishta,10,2025-01-02 18:35:00+00:00,321.96044928555784,316.1622603948815,354.7847603948815,11,False,1.4028632722954626,181.40286327229546,False,282.6474525999438,False,False,357.3116296649969,False,318.06410020426847,False,39.66160362747087,False,276.9435065191951,False,212.16038616925766,False,61.206242936380136,False,358.97556899101164,False,275.2361858436396,False,False
2025-01-02 18:45:00-05:00,507.63,511.2611,506.4,506.7259,256094,2025-01-02 23:45:00+00:00,324.7916118750145,Aquarius,Dhanishta,10,2025-01-02 23:45:00+00:00,324.79703466338105,316.1622603948815,354.7847603948815,12,False,1.391463494119762,181.39146349411976,False,282.85964056727244,False,False,358.19262183269166,False,318.4090029861909,False,39.77441622754668,False,276.9613942030056,False,212.16758929364778,False,61.20876856746207,False,358.97685660170464,False,275.23704162985865,False,False
