timestamp,open,high,low,close,volume,timestamp_utc,moon_longitude,moon_sign,nakshatra,moon_house,utc,moon_long,solar_arc,prog_lagna_long,prog_lagna_house,lunar_return,rahu_long,ketu_long,node_hits_lagna
2023-01-06 13:30:00-05:00,260.2,264.89,260.17,262.37,966659,2023-01-06 18:30:00+00:00,102.66938325001684,Cancer,Ardra,3,2023-01-06 18:30:00+00:00,102.66938325001684,319.5972206999993,358.2197206999993,4,False,39.90046577378541,219.9004657737854,True
2023-01-06 14:35:00-05:00,264.15,264.63,261.46,261.76,1285619,2023-01-06 19:35:00+00:00,103.26415112501128,Cancer,Ardra,3,2023-01-06 19:35:00+00:00,103.26415112501127,319.5972206999993,358.2197206999993,4,False,39.89807549771626,219.89807549771626,True
2023-01-12 13:25:00-05:00,278.62,279.3,275.61,275.89,227865,2023-01-12 18:25:00+00:00,181.682007875017,Libra,Uttara Phalguni,5,2023-01-12 18:25:00+00:00,181.682007875017,325.5111050999983,4.133605099998306,6,False,39.58292679137537,219.58292679137537,True
2023-01-12 13:30:00-05:00,276.44,277.57,273.3,277.31,1537295,2023-01-12 18:30:00+00:00,181.7277592500177,Libra,Uttara Phalguni,5,2023-01-12 18:30:00+00:00,181.7277592500177,325.5111050999983,4.133605099998306,6,False,39.58274292398539,219.5827429239854,True
2023-01-19 13:00:00-05:00,275.59,278.088,275.07,275.2,132135,2023-01-19 18:00:00+00:00,273.6880230000097,Capricorn,Mula,8,2023-01-19 18:00:00+00:00,273.6880230000097,332.41063689999805,11.033136899998055,9,False,39.21316947022501,219.213169470225,True
2023-01-25 13:00:00-05:00,284.61,288.586,284.3804,284.64,161067,2023-01-25 18:00:00+00:00,352.74639900001057,Pisces,Purva Bhadrapada,11,2023-01-25 18:00:00+00:00,352.74639900001057,338.3245212999989,16.94702129999888,12,False,38.89544662042499,218.895446620425,True
2023-01-30 13:00:00-05:00,292.43,296.482,291.94,292.72,112295,2023-01-30 18:00:00+00:00,58.62837900001614,Taurus,Krittika,1,2023-01-30 18:00:00+00:00,58.62837900001614,343.25275829999896,21.87525829999896,2,False,38.630677578924974,218.63067757892497,True
2023-02-01 19:35:00-05:00,293.37,297.04,293.1001,296.79,2345476,2023-02-02 00:35:00+00:00,88.59552962500311,Gemini,Mrigashirsha,2,2023-02-02 00:35:00+00:00,88.59552962500311,346.20970049999937,24.832200499999374,3,False,38.510244438520544,218.51024443852054,True
2023-02-01 23:15:00-05:00,304.15,304.42,300.92,304.37,125624,2023-02-02 04:15:00+00:00,90.60859012501896,Cancer,Mrigashirsha,2,2023-02-02 04:15:00+00:00,90.60859012501896,346.20970049999937,24.832200499999374,3,False,38.502154273363544,218.50215427336354,True
2023-02-02 13:00:00-05:00,305.85,305.89,301.145,305.45,160469,2023-02-02 18:00:00+00:00,98.15756700001656,Cancer,Ardra,2,2023-02-02 18:00:00+00:00,98.15756700001657,346.20970049999937,24.832200499999374,3,False,38.471816154024964,218.47181615402496,True
2023-02-02 21:00:00-05:00,311.73,314.0,309.75,311.52,1329817,2023-02-03 02:00:00+00:00,102.5496990000247,Cancer,Ardra,3,2023-02-03 02:00:00+00:00,102.5496990000247,347.1953478999983,25.8178478999983,3,False,38.45416488459159,218.4541648845916,True
2023-02-02 21:05:00-05:00,311.46,311.73,308.6,308.83,2454182,2023-02-03 02:05:00+00:00,102.59545037499628,Cancer,Ardra,3,2023-02-03 02:05:00+00:00,102.59545037499629,347.1953478999983,25.8178478999983,3,False,38.45398101720173,218.45398101720173,True
2023-02-02 21:10:00-05:00,308.84,311.72,308.0,308.23,914470,2023-02-03 02:10:00+00:00,102.64120175001152,Cancer,Ardra,3,2023-02-03 02:10:00+00:00,102.64120175001153,347.1953478999983,25.8178478999983,3,False,38.45379714981186,218.45379714981186,True
2023-02-02 21:20:00-05:00,307.98,311.72,307.23,308.31,1221033,2023-02-03 02:20:00+00:00,102.73270450001291,Cancer,Ardra,3,2023-02-03 02:20:00+00:00,102.73270450001291,347.1953478999983,25.8178478999983,3,False,38.453429415031906,218.4534294150319,True
2023-02-02 21:35:00-05:00,311.72,311.72,306.7,306.95,463596,2023-02-03 02:35:00+00:00,102.86995862500044,Cancer,Ardra,3,2023-02-03 02:35:00+00:00,102.86995862500044,347.1953478999983,25.8178478999983,3,False,38.4528778128622,218.4528778128622,True
2023-02-02 22:20:00-05:00,306.92,311.72,306.82,306.9,142025,2023-02-03 03:20:00+00:00,103.28172100000666,Cancer,Ardra,3,2023-02-03 03:20:00+00:00,103.28172100000666,347.1953478999983,25.8178478999983,3,False,38.451223006352734,218.45122300635273,True
2023-02-03 13:00:00-05:00,307.45,311.953,305.29,308.86,161795,2023-02-03 18:00:00+00:00,111.33396300001186,Cancer,Punarvasu,3,2023-02-03 18:00:00+00:00,111.33396300001186,347.1953478999983,25.8178478999983,3,False,38.41886234572496,218.41886234572496,True
2023-02-03 13:30:00-05:00,309.2,309.2,306.01,306.8,1152799,2023-02-03 18:30:00+00:00,111.608471250016,Cancer,Punarvasu,3,2023-02-03 18:30:00+00:00,111.60847125001601,347.1953478999983,25.8178478999983,3,False,38.41775914138532,218.41775914138532,True
2023-02-06 13:00:00-05:00,303.3,306.409,302.3185,303.75,127684,2023-02-06 18:00:00+00:00,150.8631510000123,Virgo,Magha,4,2023-02-06 18:00:00+00:00,150.8631510000123,350.1522900999987,28.77479009999871,5,False,38.26000092082495,218.26000092082495,True
2023-02-09 13:00:00-05:00,307.99,308.51,304.598,307.62,84182,2023-02-09 18:00:00+00:00,190.39233900001275,Libra,Hasta,6,2023-02-09 18:00:00+00:00,190.39233900001273,353.1092322999991,31.731732299999123,6,False,38.10113949592494,218.10113949592494,True
2023-02-10 13:00:00-05:00,298.53,302.2,297.93,298.57,168357,2023-02-10 18:00:00+00:00,203.568735000008,Libra,Chitra,6,2023-02-10 18:00:00+00:00,203.56873500000802,354.09487969999805,32.71737969999805,6,False,38.04818568762494,218.04818568762494,True
2023-02-13 13:00:00-05:00,301.08,301.85,298.33,301.46,105492,2023-02-13 18:00:00+00:00,243.09792300000845,Sagittarius,Anuradha,7,2023-02-13 18:00:00+00:00,243.09792300000845,357.05182189999846,35.67432189999846,7,False,37.88932426272504,217.88932426272504,True
2023-02-14 13:30:00-05:00,305.38,308.0,302.58,306.33,1767000,2023-02-14 18:30:00+00:00,256.54882725002244,Sagittarius,Jyeshtha,8,2023-02-14 18:30:00+00:00,256.54882725002244,358.0374692999992,36.659969299999204,8,False,37.835267250085394,217.8352672500854,True
2023-02-16 21:00:00-05:00,303.28,309.2121,302.94,303.21,627846,2023-02-17 02:00:00+00:00,287.019243000017,Capricorn,Purva Ashadha,9,2023-02-17 02:00:00+00:00,287.019243000017,0.9944114999996145,39.61691149999962,9,False,37.71281156839166,217.71281156839166,True
2023-02-16 21:25:00-05:00,302.84,307.84,302.68,302.68,133776,2023-02-17 02:25:00+00:00,287.24799987502047,Capricorn,Purva Ashadha,9,2023-02-17 02:25:00+00:00,287.24799987502047,0.9944114999996145,39.61691149999962,9,False,37.71189223144199,217.711892231442,True
2023-02-24 13:00:00-05:00,294.25,297.042,293.9196,294.2,90778,2023-02-24 18:00:00+00:00,28.03827900001488,Aries,Ashwini,12,2023-02-24 18:00:00+00:00,28.03827900001488,7.893943299999364,46.516443299999366,12,False,37.306832371425,217.306832371425,True
2023-03-02 13:00:00-05:00,289.2,291.418,288.25,289.41,100644,2023-03-02 18:00:00+00:00,107.09665500001574,Cancer,Punarvasu,3,2023-03-02 18:00:00+00:00,107.09665500001574,13.80782769999837,52.43032769999837,2,False,36.98910952162498,216.98910952162498,True
2023-03-10 13:30:00-05:00,292.81,295.05,290.89,294.5,1349858,2023-03-10 18:30:00+00:00,212.7823312500113,Scorpio,Swati,6,2023-03-10 18:30:00+00:00,212.78233125001134,21.693006899998863,60.315506899998866,6,False,36.564375850885426,216.56437585088543,False
2023-03-10 13:40:00-05:00,294.02,294.75,291.09,294.57,388777,2023-03-10 18:40:00+00:00,212.87383399999817,Scorpio,Swati,6,2023-03-10 18:40:00+00:00,212.87383399999817,21.693006899998863,60.315506899998866,6,False,36.56400811610558,216.56400811610558,False
2023-03-13 08:00:00-04:00,293.26,297.1,292.66,292.71,24982,2023-03-13 12:00:00+00:00,248.74291200001608,Sagittarius,Anuradha,8,2023-03-13 12:00:00+00:00,248.74291200001608,24.649949099999276,63.27244909999928,7,False,36.419856082399974,216.41985608239997,False
2023-03-13 12:00:00-04:00,290.68,294.68,288.766,290.37,200192,2023-03-13 16:00:00+00:00,250.9389780000056,Sagittarius,Jyeshtha,8,2023-03-13 16:00:00+00:00,250.9389780000056,24.649949099999276,63.27244909999928,7,False,36.4110304476834,216.4110304476834,False
2023-03-13 13:45:00-04:00,285.67,289.09,285.46,288.7199,2669082,2023-03-13 17:45:00+00:00,251.8997568750201,Sagittarius,Jyeshtha,8,2023-03-13 17:45:00+00:00,251.8997568750201,24.649949099999276,63.27244909999928,7,False,36.407169232494766,216.40716923249477,False
2023-03-14 12:30:00-04:00,293.17,294.6,289.0,292.48,1018739,2023-03-14 16:30:00+00:00,264.38988225000503,Sagittarius,Mula,8,2023-03-14 16:30:00+00:00,264.38988225000503,25.6355964999982,64.2580964999982,7,False,36.356973435043756,216.35697343504376,False
2023-03-15 12:00:00-04:00,293.35,298.0,292.0896,293.0,322843,2023-03-15 16:00:00+00:00,277.2917699999962,Capricorn,Mula,8,2023-03-15 16:00:00+00:00,277.2917699999962,26.621243899998944,65.24374389999895,8,False,36.305122831083395,216.3051228310834,False
2023-03-20 12:00:00-04:00,304.49,305.69,302.1596,304.67,129620,2023-03-20 16:00:00+00:00,343.17375000000175,Pisces,Shatabhisha,11,2023-03-20 16:00:00+00:00,343.17375000000175,31.549480899999025,70.17198089999903,10,False,36.04035378958338,216.04035378958338,False
2023-03-23 12:00:00-04:00,309.1982,309.5496,306.349,308.67,127901,2023-03-23 16:00:00+00:00,22.702938000002177,Aries,Revati,12,2023-03-23 16:00:00+00:00,22.702938000002177,34.50642309999944,73.12892309999944,11,False,35.88149236468337,215.88149236468337,False
2023-03-24 12:00:00-04:00,308.8,311.74,307.7,307.73,287625,2023-03-24 16:00:00+00:00,35.87933399999747,Taurus,Ashwini,12,2023-03-24 16:00:00+00:00,35.87933399999747,35.49207049999836,74.11457049999836,11,False,35.828538556383364,215.82853855638336,False
2023-03-30 15:20:00-04:00,316.0599,316.19,312.8088,315.66,901090,2023-03-30 19:20:00+00:00,116.76776499999688,Cancer,Punarvasu,3,2023-03-30 19:20:00+00:00,116.76776499999687,41.40595489999919,80.02845489999919,2,False,35.50346101098614,215.50346101098614,False
2023-03-31 19:00:00-04:00,319.61,320.1291,315.6545,320.1,1229530,2023-03-31 23:00:00+00:00,131.95722150002257,Leo,Ashlesha,4,2023-03-31 23:00:00+00:00,131.95722150002257,42.39160229999811,81.01410229999811,2,False,35.44241703752914,215.44241703752914,False
2023-04-05 16:00:00-04:00,315.12,319.06,314.86,314.8887,530359,2023-04-05 20:00:00+00:00,196.1921520000178,Libra,Hasta,6,2023-04-05 20:00:00+00:00,196.1921520000178,47.31983929999819,85.9423392999982,4,False,35.18426722206664,215.18426722206664,False
2023-04-12 12:30:00-04:00,315.35,319.6,315.35,319.57,1395409,2023-04-12 16:30:00+00:00,286.50536625001405,Capricorn,Purva Ashadha,9,2023-04-12 16:30:00+00:00,286.50536625001405,54.21937109999794,92.84187109999795,7,False,34.82131299434377,214.82131299434377,False
2023-04-20 12:00:00-04:00,316.12,318.949,315.28,315.56,111931,2023-04-20 16:00:00+00:00,31.64202600000135,Taurus,Ashwini,12,2023-04-20 16:00:00+00:00,31.64202600000135,62.10455029999844,100.72705029999844,10,False,34.398785732283386,214.3987857322834,False
2023-04-25 20:00:00-04:00,309.96,313.16,309.8,312.82,1988779,2023-04-26 00:00:00+00:00,101.91613800001504,Cancer,Ardra,3,2023-04-26 00:00:00+00:00,101.91613800001505,68.01843469999926,106.64093469999926,12,False,34.11636542135,214.11636542135,False
2023-04-26 12:00:00-04:00,312.1592,314.38,310.222,312.19,172474,2023-04-26 16:00:00+00:00,110.7004020000022,Cancer,Punarvasu,3,2023-04-26 16:00:00+00:00,110.70040200000221,68.01843469999926,106.64093469999926,1,False,34.081062882483366,214.08106288248337,False
2023-04-27 12:00:00-04:00,314.61,315.62,312.103,315.52,148964,2023-04-27 16:00:00+00:00,123.8767979999975,Leo,Pushya,3,2023-04-27 16:00:00+00:00,123.8767979999975,69.00408209999819,107.62658209999819,1,False,34.02810907418336,214.02810907418336,False
2023-04-27 20:00:00-04:00,320.35,322.8,319.65,322.43,1167086,2023-04-28 00:00:00+00:00,128.26893000000564,Leo,Pushya,3,2023-04-28 00:00:00+00:00,128.26893000000564,69.98972949999893,108.61222949999893,1,False,34.01045780474999,214.01045780475,False
2023-05-05 14:45:00-04:00,321.62,321.63,316.2116,321.4,779905,2023-05-05 18:45:00+00:00,230.79776137501176,Scorpio,Vishakha,7,2023-05-05 18:45:00+00:00,230.79776137501176,76.88926129999868,115.51176129999868,4,False,33.59841098391564,213.59841098391564,False
2023-05-05 19:20:00-04:00,323.15,323.3173,316.2116,323.275,760789,2023-05-05 23:20:00+00:00,233.31408700002063,Scorpio,Vishakha,7,2023-05-05 23:20:00+00:00,233.31408700002066,76.88926129999868,115.51176129999868,4,False,33.58829827746945,213.58829827746945,False
2023-05-24 20:20:00-04:00,331.74,335.22,331.74,335.0,1077707,2023-05-25 00:20:00+00:00,124.21462750001228,Leo,Pushya,3,2023-05-25 00:20:00+00:00,124.21462750001228,96.602209299999,135.224709299999,12,False,32.579969511090326,212.57996951109033,False
2023-05-24 20:55:00-04:00,335.96,336.28,331.65,336.21,302289,2023-05-25 00:55:00+00:00,124.53488712501712,Leo,Pushya,3,2023-05-25 00:55:00+00:00,124.53488712501712,96.602209299999,135.224709299999,12,False,32.578682439360705,212.5786824393607,False
2023-05-24 21:15:00-04:00,336.69,336.81,331.65,336.53,83446,2023-05-25 01:15:00+00:00,124.71789262501989,Leo,Pushya,3,2023-05-25 01:15:00+00:00,124.71789262501989,96.602209299999,135.224709299999,12,False,32.57794696980102,212.57794696980102,False
2023-05-30 12:00:00-04:00,352.0806,353.43,349.8,353.19,141692,2023-05-30 16:00:00+00:00,198.69786600000225,Libra,Chitra,6,2023-05-30 16:00:00+00:00,198.69786600000225,101.53044629999908,140.1529462999991,2,False,32.280633400283364,212.28063340028336,False
2023-05-30 12:05:00-04:00,353.19,353.68,350.19,353.63,98429,2023-05-30 16:05:00+00:00,198.7436173750029,Libra,Chitra,6,2023-05-30 16:05:00+00:00,198.74361737500294,101.53044629999908,140.1529462999991,2,False,32.280449532893385,212.28044953289339,False
2023-06-01 20:20:00-04:00,352.25,352.42,348.1785,352.31,116056,2023-06-02 00:20:00+00:00,229.62579550000373,Scorpio,Vishakha,7,2023-06-02 00:20:00+00:00,229.62579550000373,104.4873884999995,143.1098884999995,3,False,32.1563390446903,212.1563390446903,False
2023-06-13 12:30:00-04:00,362.33,363.42,360.0,362.23,857104,2023-06-13 16:30:00+00:00,23.44191825001326,Aries,Revati,12,2023-06-13 16:30:00+00:00,23.44191825001326,115.32950989999858,153.9520098999986,8,False,31.538176879743787,211.5381768797438,False
2023-06-21 12:30:00-04:00,365.62,366.1,362.3,365.6,113143,2023-06-21 16:30:00+00:00,128.8530862500047,Leo,Pushya,4,2023-06-21 16:30:00+00:00,128.8530862500047,123.21468909999908,161.83718909999908,11,False,31.11454641334376,211.11454641334376,False
2023-07-06 12:55:00-04:00,366.23,370.557,366.2,366.46,128159,2023-07-06 16:55:00+00:00,326.7277831250103,Aquarius,Dhanishta,10,2023-07-06 16:55:00+00:00,326.7277831250103,137.99940009999932,176.62190009999932,6,False,30.319319951894045,210.31931995189404,False
2023-07-27 12:00:00-04:00,382.1811,382.81,377.803,382.69,114158,2023-07-27 16:00:00+00:00,242.9288340000057,Sagittarius,Anuradha,7,2023-07-27 16:00:00+00:00,242.92883400000574,158.69799549999857,197.32049549999857,2,False,29.209312518883394,209.2093125188834,False
2023-07-28 12:00:00-04:00,379.7608,380.54,376.338,380.4993,123820,2023-07-28 16:00:00+00:00,256.10523000000103,Sagittarius,Jyeshtha,8,2023-07-28 16:00:00+00:00,256.10523000000103,159.6836428999993,198.30614289999932,2,False,29.15635871058339,209.1563587105834,False
2023-08-02 12:00:00-04:00,380.06,383.077,377.5796,380.21,140383,2023-08-02 16:00:00+00:00,321.9872100000066,Aquarius,Dhanishta,10,2023-08-02 16:00:00+00:00,321.9872100000066,164.6118798999994,203.2343798999994,4,False,28.891589669083373,208.89158966908337,False
2023-08-03 12:00:00-04:00,373.84,374.81,371.61,374.56,182925,2023-08-03 16:00:00+00:00,335.1636060000019,Pisces,Shatabhisha,10,2023-08-03 16:00:00+00:00,335.1636060000019,165.59752729999832,204.22002729999832,5,False,28.83863586078337,208.83863586078337,False
2023-08-08 12:05:00-04:00,372.16,375.471,371.2,371.63,86360,2023-08-08 16:05:00+00:00,41.09133737500815,Taurus,Bharani,1,2023-08-08 16:05:00+00:00,41.09133737500815,170.5257642999984,209.1482642999984,7,False,28.573682951893375,208.57368295189337,False
2023-08-15 12:00:00-04:00,368.3581,371.72,367.8,368.0596,109177,2023-08-15 16:00:00+00:00,133.28035800000362,Leo,Ashlesha,4,2023-08-15 16:00:00+00:00,133.28035800000362,177.42529609999815,216.04779609999815,10,False,28.20319016118333,208.20319016118333,False
2023-08-18 12:00:00-04:00,356.7381,358.848,355.49,356.22,139122,2023-08-18 16:00:00+00:00,172.80954600000405,Virgo,Uttara Phalguni,5,2023-08-18 16:00:00+00:00,172.80954600000405,180.38223829999856,219.00473829999856,11,False,28.04432873628332,208.04432873628332,False
2023-08-21 12:00:00-04:00,360.0,360.8,357.61,360.67,80019,2023-08-21 16:00:00+00:00,212.33873400000448,Scorpio,Swati,6,2023-08-21 16:00:00+00:00,212.33873400000448,183.33918049999897,221.96168049999898,12,False,27.88546731138331,207.8854673113833,False
2023-08-22 12:00:00-04:00,365.9311,366.85,363.26,366.8,97059,2023-08-22 16:00:00+00:00,225.51512999999977,Scorpio,Vishakha,7,2023-08-22 16:00:00+00:00,225.51512999999977,184.3248278999979,222.9473278999979,1,False,27.832513503083305,207.8325135030833,False
2023-08-23 20:20:00-04:00,369.51,372.5,369.293,372.31,1086964,2023-08-24 00:20:00+00:00,243.266663500006,Sagittarius,Anuradha,7,2023-08-24 00:20:00+00:00,243.26666350000596,186.2961226999994,224.9186226999994,1,False,27.761172955790244,207.76117295579024,False
2023-08-24 12:00:00-04:00,373.62,374.64,369.386,373.05,160997,2023-08-24 16:00:00+00:00,251.8679220000049,Sagittarius,Jyeshtha,8,2023-08-24 16:00:00+00:00,251.8679220000049,186.2961226999994,224.9186226999994,1,False,27.7266058864833,207.7266058864833,False
2023-09-07 12:15:00-04:00,371.82,375.021,371.6,371.6,51499,2023-09-07 16:15:00+00:00,76.47472012501385,Gemini,Rohini,2,2023-09-07 16:15:00+00:00,76.47472012501385,200.0951862999989,238.7176862999989,7,False,26.984700968113543,206.98470096811354,False
2023-09-12 19:00:00-04:00,372.96,376.9517,372.74,372.76,1730418,2023-09-12 23:00:00+00:00,146.06256150001718,Leo,Magha,4,2023-09-12 23:00:00+00:00,146.06256150001718,205.02342329999897,243.64592329999897,9,False,26.705038668029147,206.70503866802915,False
2023-09-21 12:00:00-04:00,361.34,364.813,360.7,360.7,248606,2023-09-21 16:00:00+00:00,260.8070100000041,Sagittarius,Jyeshtha,8,2023-09-21 16:00:00+00:00,260.8070100000041,213.89424989999839,252.5167498999984,1,False,26.243899254083317,206.24389925408332,False
2023-09-26 12:00:00-04:00,358.3,359.879,356.53,358.5,69509,2023-09-26 16:00:00+00:00,326.6889899999951,Aquarius,Dhanishta,10,2023-09-26 16:00:00+00:00,326.6889899999951,218.82248689999847,257.44498689999847,3,False,25.9791302125833,205.9791302125833,False
2023-09-28 20:15:00-04:00,358.21,358.4,354.2467,358.4,235617,2023-09-29 00:15:00+00:00,357.5711681249959,Pisces,Uttara Bhadrapada,11,2023-09-29 00:15:00+00:00,357.5711681249959,221.77942909999888,260.4019290999989,4,False,25.855019724380213,205.8550197243802,False
2023-10-02 12:00:00-04:00,358.9784,361.69,358.101,358.18,134240,2023-10-02 16:00:00+00:00,45.74736599999597,Taurus,Bharani,1,2023-10-02 16:00:00+00:00,45.747365999995964,224.7363712999993,263.3588712999993,5,False,25.661407362783393,205.6614073627834,False
2023-10-03 12:00:00-04:00,359.23,362.3104,358.91,359.04,118837,2023-10-03 16:00:00+00:00,58.92376200000581,Taurus,Krittika,1,2023-10-03 16:00:00+00:00,58.92376200000581,225.72201869999822,264.3445186999982,6,False,25.60845355448339,205.6084535544834,False
2023-10-04 12:00:00-04:00,355.22,355.77,351.96,355.6,131431,2023-10-04 16:00:00+00:00,72.1001580000011,Gemini,Rohini,2,2023-10-04 16:00:00+00:00,72.1001580000011,226.70766609999896,265.33016609999896,6,False,25.555499746183386,205.5554997461834,False
2023-10-06 12:30:00-04:00,359.08,359.08,354.2,354.3,1750673,2023-10-06 16:30:00+00:00,98.7274582500104,Cancer,Ardra,3,2023-10-06 16:30:00+00:00,98.72745825001039,228.67896089999863,267.30146089999863,7,False,25.448488925243737,205.44848892524374,False
2023-10-20 19:05:00-04:00,355.945,359.2708,355.43,355.44,423847,2023-10-20 23:05:00+00:00,286.8113608749991,Capricorn,Purva Ashadha,9,2023-10-20 23:05:00+00:00,286.8113608749991,242.47802449999813,281.10052449999813,1,False,24.692610085239266,204.69261008523927,False
2023-10-20 19:10:00-04:00,355.44,359.2554,355.24,355.62,542394,2023-10-20 23:10:00+00:00,286.8571122499998,Capricorn,Purva Ashadha,9,2023-10-20 23:10:00+00:00,286.8571122499998,242.47802449999813,281.10052449999813,1,False,24.692426217849288,204.6924262178493,False
2023-10-23 12:00:00-04:00,353.04,355.74,351.48,352.87,105391,2023-10-23 16:00:00+00:00,322.451681999999,Aquarius,Dhanishta,10,2023-10-23 16:00:00+00:00,322.451681999999,245.43496669999854,284.05746669999854,2,False,24.54937738848332,204.54937738848332,False
2023-10-24 20:00:00-04:00,358.98,361.6,358.15,359.02,980824,2023-10-25 00:00:00+00:00,340.02021000001696,Pisces,Shatabhisha,11,2023-10-25 00:00:00+00:00,340.02021000001696,247.4062614999982,286.0287614999982,2,False,24.478772310749946,204.47877231074995,False
2023-10-25 12:00:00-04:00,357.52,359.399,356.1,357.54,98321,2023-10-25 16:00:00+00:00,348.8044740000041,Pisces,Purva Bhadrapada,11,2023-10-25 16:00:00+00:00,348.8044740000041,247.4062614999982,286.0287614999982,3,False,24.443469771883315,204.44346977188331,False
2023-10-26 12:00:00-04:00,347.01,350.602,345.26,347.08,118308,2023-10-26 16:00:00+00:00,1.9808699999994133,Aries,Uttara Bhadrapada,11,2023-10-26 16:00:00+00:00,1.9808699999994133,248.39190889999895,287.01440889999895,3,False,24.39051596358331,204.3905159635833,False
2023-10-27 12:00:00-04:00,346.5985,347.24,343.917,345.67,166729,2023-10-27 16:00:00+00:00,15.157266000009258,Aries,Revati,12,2023-10-27 16:00:00+00:00,15.157266000009258,249.37755629999788,288.0000562999979,3,False,24.337562155283308,204.3375621552833,False
2023-11-02 12:10:00-04:00,360.95,361.37,357.227,361.19,80653,2023-11-02 16:10:00+00:00,94.3071447500115,Cancer,Ardra,2,2023-11-02 16:10:00+00:00,94.3071447500115,255.2914406999987,293.9139406999987,6,False,24.019471570703445,204.01947157070344,False
2023-11-14 13:30:00-05:00,378.34,383.8,377.0,383.09,1545187,2023-11-14 18:30:00+00:00,253.704935250018,Sagittarius,Jyeshtha,8,2023-11-14 18:30:00+00:00,253.70493525001802,267.11920949999853,305.74170949999854,11,False,23.378877584185375,203.37887758418537,False
2023-12-21 14:25:00-05:00,406.97,407.16,403.08,407.08,181211,2023-12-21 19:25:00+00:00,21.734852375011545,Aries,Revati,12,2023-12-21 19:25:00+00:00,21.734852375011542,303.58816329999877,342.21066329999877,2,False,21.41756413579617,201.41756413579617,False
2023-12-21 21:30:00-05:00,407.83,407.85,403.08,407.81,43157,2023-12-22 02:30:00+00:00,25.62371924999752,Aries,Ashwini,12,2023-12-22 02:30:00+00:00,25.62371924999752,304.5738106999995,343.1963106999995,2,False,21.401935407652104,201.4019354076521,False
2024-01-02 13:00:00-05:00,408.41,410.0,404.84,405.1,75278,2024-01-02 18:00:00+00:00,179.07383100001607,Virgo,Uttara Phalguni,5,2024-01-02 18:00:00+00:00,179.07383100001607,315.4159320999986,354.0384320999986,7,False,20.785244181824964,200.78524418182496,False
2024-01-02 13:05:00-05:00,409.48,409.88,404.93,405.13,30192,2024-01-02 18:05:00+00:00,179.11958237501676,Virgo,Uttara Phalguni,5,2024-01-02 18:05:00+00:00,179.11958237501676,315.4159320999986,354.0384320999986,7,False,20.785060314434986,200.785060314435,False
2024-01-11 13:30:00-05:00,410.96,411.36,407.6,408.95,768208,2024-01-11 18:30:00+00:00,297.9359032500215,Capricorn,Uttara Ashadha,9,2024-01-11 18:30:00+00:00,297.9359032500215,324.286758699998,2.90925869999802,10,False,20.307556702785405,200.3075567027854,False
2024-01-17 13:00:00-05:00,407.8086,409.213,406.08,407.49,88890,2024-01-17 18:00:00+00:00,16.719771000003675,Aries,Revati,12,2024-01-17 18:00:00+00:00,16.719771000003675,330.20064309999884,8.823143099998845,1,False,19.990937057325027,199.99093705732503,False
2024-01-18 13:00:00-05:00,410.3802,411.1,406.86,410.86,109083,2024-01-18 18:00:00+00:00,29.89616700001352,Aries,Ashwini,12,2024-01-18 18:00:00+00:00,29.89616700001352,331.1862904999996,9.808790499999589,1,False,19.937983249025024,199.93798324902502,False
2024-01-19 21:00:00-05:00,421.22,421.69,418.134,421.66,1295605,2024-01-20 02:00:00+00:00,47.46469500001695,Taurus,Bharani,1,2024-01-20 02:00:00+00:00,47.464695000016945,333.15758529999925,11.780085299999257,2,False,19.867378171291648,199.86737817129165,False
2024-01-22 13:10:00-05:00,424.09,424.09,420.865,424.06,29364,2024-01-22 18:10:00+00:00,82.69325375002518,Gemini,Mrigashirsha,2,2024-01-22 18:10:00+00:00,82.69325375002518,335.1288800999989,13.751380099998926,3,False,19.725800281045053,199.72580028104505,False
2024-01-24 13:00:00-05:00,426.25,427.09,423.797,425.4,126661,2024-01-24 18:00:00+00:00,108.95454300001438,Cancer,Punarvasu,3,2024-01-24 18:00:00+00:00,108.95454300001438,337.1001748999986,15.722674899998594,4,False,19.620260399225003,199.620260399225,False
2024-01-24 21:10:00-05:00,424.91,427.8713,424.53,425.16,415987,2024-01-25 02:10:00+00:00,113.43817775000934,Cancer,Punarvasu,3,2024-01-25 02:10:00+00:00,113.43817775000934,338.08582229999934,16.708322299999338,4,False,19.602241395011788,199.6022413950118,False
2024-01-26 13:05:00-05:00,424.81,426.669,422.31,425.06,27767,2024-01-26 18:05:00+00:00,135.3530863750202,Leo,Ashlesha,4,2024-01-26 18:05:00+00:00,135.3530863750202,339.07146969999826,17.693969699998263,4,False,19.514168915235018,199.51416891523502,False
2024-01-30 22:30:00-05:00,421.16,425.3,421.08,421.24,132914,2024-01-31 03:30:00+00:00,193.2285757500213,Libra,Hasta,6,2024-01-31 03:30:00+00:00,193.22857575002126,343.99970669999834,22.622206699998344,6,False,19.28157666697291,199.2815766669729,False
2024-01-31 13:00:00-05:00,420.63,424.982,419.6296,421.45,101804,2024-01-31 18:00:00+00:00,201.1893150000105,Libra,Chitra,6,2024-01-31 18:00:00+00:00,201.18931500001054,343.99970669999834,22.622206699998344,6,False,19.24958374112498,199.24958374112498,False
2024-02-01 21:20:00-05:00,421.88,425.31,421.88,425.17,244060,2024-02-02 02:20:00+00:00,218.94084850001676,Scorpio,Swati,7,2024-02-02 02:20:00+00:00,218.94084850001673,345.971001499998,24.593501499998013,7,False,19.178243193831918,199.17824319383192,False
2024-02-01 22:55:00-05:00,425.54,425.8,416.97,425.8,269928,2024-02-02 03:55:00+00:00,219.8101246250153,Scorpio,Swati,7,2024-02-02 03:55:00+00:00,219.8101246250153,345.971001499998,24.593501499998013,7,False,19.17474971342324,199.17474971342324,False
2024-02-02 13:00:00-05:00,426.5,427.05,421.564,426.79,112705,2024-02-02 18:00:00+00:00,227.54210700001568,Scorpio,Vishakha,7,2024-02-02 18:00:00+00:00,227.54210700001568,345.971001499998,24.593501499998013,7,False,19.143676124524973,199.14367612452497,False
2024-02-13 13:00:00-05:00,435.01,435.3,431.6696,435.14,119890,2024-02-13 18:00:00+00:00,12.482463000007556,Aries,Revati,12,2024-02-13 18:00:00+00:00,12.482463000007556,356.8131228999989,35.43562289999892,12,False,18.561184233224935,198.56118423322494,False
2024-02-13 13:30:00-05:00,432.8,433.05,428.46,428.81,898049,2024-02-13 18:30:00+00:00,12.756971250011702,Aries,Revati,12,2024-02-13 18:30:00+00:00,12.756971250011702,356.8131228999989,35.43562289999892,12,False,18.560081028885406,198.5600810288854,False
2024-02-21 21:20:00-05:00,425.45,427.47,422.59,425.55,461409,2024-02-22 02:20:00+00:00,122.4687685000099,Leo,Pushya,3,2024-02-22 02:20:00+00:00,122.4687685000099,5.683949499998334,44.30644949999834,3,False,18.119167027831963,198.11916702783196,False
2024-02-22 13:00:00-05:00,434.3,435.0904,431.9,434.24,123412,2024-02-22 18:00:00+00:00,131.07002700000885,Leo,Ashlesha,4,2024-02-22 18:00:00+00:00,131.07002700000885,5.683949499998334,44.30644949999834,3,False,18.08459995852502,198.08459995852502,False
2024-03-01 19:30:00-05:00,446.47,446.58,442.8143,446.08,755553,2024-03-02 00:30:00+00:00,240.0498022500251,Sagittarius,Anuradha,7,2024-03-02 00:30:00+00:00,240.0498022500251,14.554776099999572,53.177276099999574,7,False,17.64662783571032,197.64662783571032,False
2024-03-05 13:00:00-05:00,441.69,443.687,440.4104,441.61,107850,2024-03-05 18:00:00+00:00,289.1867790000106,Capricorn,Purva Ashadha,9,2024-03-05 18:00:00+00:00,289.1867790000106,17.511718299998165,56.13421829999817,8,False,17.449154258924978,197.44915425892498,False
2024-03-06 13:00:00-05:00,438.69,439.76,435.723,439.75,105232,2024-03-06 18:00:00+00:00,302.36317500000587,Aquarius,Uttara Ashadha,9,2024-03-06 18:00:00+00:00,302.36317500000587,18.49736569999891,57.11986569999891,9,False,17.396200450624974,197.39620045062497,False
2024-03-07 13:00:00-05:00,440.6022,441.19,436.03,437.38,87520,2024-03-07 18:00:00+00:00,315.5395710000157,Aquarius,Shravana,10,2024-03-07 18:00:00+00:00,315.5395710000157,19.483013099997834,58.105513099997836,9,False,17.34324664232497,197.34324664232497,False
2024-03-07 13:05:00-05:00,437.64,440.76,436.18,440.76,22868,2024-03-07 18:05:00+00:00,315.5853223750164,Aquarius,Shravana,10,2024-03-07 18:05:00+00:00,315.5853223750164,19.483013099997834,58.105513099997836,9,False,17.343062774934992,197.343062774935,False
2024-03-08 13:30:00-05:00,444.81,446.99,443.22,445.79,557844,2024-03-08 18:30:00+00:00,328.99047525001515,Aquarius,Dhanishta,10,2024-03-08 18:30:00+00:00,328.99047525001515,20.468660499998578,59.09116049999858,9,False,17.289189629685325,197.28918962968532,False
2024-03-12 12:00:00-04:00,439.34,440.4996,437.062,440.1,86346,2024-03-12 16:00:00+00:00,20.323518000004697,Aries,Revati,12,2024-03-12 16:00:00+00:00,20.323518000004697,24.411250099997915,63.03375009999792,11,False,17.082890418183297,197.0828904181833,False
2024-03-12 12:30:00-04:00,439.0,440.47,437.0,439.9,505373,2024-03-12 16:30:00+00:00,20.598026250008843,Aries,Revati,12,2024-03-12 16:30:00+00:00,20.598026250008843,24.411250099997915,63.03375009999792,11,False,17.081787213843768,197.08178721384377,False
2024-03-15 18:20:00-04:00,434.14,438.8733,433.85,433.86,686962,2024-03-15 22:20:00+00:00,63.32981049999944,Gemini,Krittika,1,2024-03-15 22:20:00+00:00,63.32981049999944,27.368192299998327,65.99069229999833,12,False,16.910055071648685,196.91005507164869,False
2024-03-18 12:00:00-04:00,436.57,438.64,433.614,438.5,103256,2024-03-18 16:00:00+00:00,99.38189400000556,Cancer,Ardra,3,2024-03-18 16:00:00+00:00,99.38189400000556,30.32513449999874,68.94763449999874,2,False,16.76516756838339,196.7651675683834,False
2024-03-18 12:05:00-04:00,438.54,438.61,435.19,438.52,21949,2024-03-18 16:05:00+00:00,99.42764537500624,Cancer,Ardra,3,2024-03-18 16:05:00+00:00,99.42764537500625,30.32513449999874,68.94763449999874,2,False,16.76498370099341,196.7649837009934,False
2024-03-19 12:00:00-04:00,434.92,437.9496,434.5699,434.86,52002,2024-03-19 16:00:00+00:00,112.55829000000084,Cancer,Punarvasu,3,2024-03-19 16:00:00+00:00,112.55829000000085,31.310781899999483,69.93328189999949,2,False,16.712213760083387,196.7122137600834,False
2024-03-19 17:55:00-04:00,438.11,438.4,435.2091,438.39,173733,2024-03-19 21:55:00+00:00,115.8066376250208,Cancer,Punarvasu,3,2024-03-19 21:55:00+00:00,115.80663762502081,31.310781899999483,69.93328189999949,2,False,16.699159175398222,196.69915917539822,False
2024-03-21 12:00:00-04:00,446.58,448.43,443.438,448.099,117714,2024-03-21 16:00:00+00:00,138.911082000006,Leo,Ashlesha,4,2024-03-21 16:00:00+00:00,138.911082000006,33.28207669999915,71.90457669999915,3,False,16.60630614348338,196.60630614348338,False
2024-04-03 08:00:00-04:00,435.05,440.7,435.05,440.07,8427,2024-04-03 12:00:00+00:00,308.0081640000135,Aquarius,Shravana,9,2024-04-03 12:00:00+00:00,308.0081640000135,46.09549289999791,84.71799289999791,8,False,15.926732270300022,195.92673227030002,False
2024-04-04 20:25:00-04:00,434.99,443.5676,434.799,434.84,66089,2024-04-05 00:25:00+00:00,328.0015148750099,Aquarius,Dhanishta,10,2024-04-05 00:25:00+00:00,328.0015148750099,48.066787699999395,86.6892876999994,9,False,15.846382220900296,195.8463822209003,False
2024-04-10 12:30:00-04:00,443.0,443.0,436.22,436.76,1091810,2024-04-10 16:30:00+00:00,42.71351025000331,Taurus,Bharani,1,2024-04-10 16:30:00+00:00,42.71351025000331,52.995024699999476,91.61752469999948,11,False,15.546126773143783,195.54612677314378,False
2024-04-11 12:30:00-04:00,436.5,439.49,436.07,439.31,423782,2024-04-11 16:30:00+00:00,55.88990625001316,Taurus,Krittika,1,2024-04-11 16:30:00+00:00,55.889906250013155,53.9806720999984,92.6031720999984,11,False,15.49317296484378,195.49317296484378,False
2024-04-12 12:00:00-04:00,443.1792,446.0,442.7896,445.27,46662,2024-04-12 16:00:00+00:00,68.7917940000043,Gemini,Rohini,2,2024-04-12 16:00:00+00:00,68.7917940000043,54.966319499999145,93.58881949999915,12,False,15.441322360883305,195.4413223608833,False
2024-04-17 12:00:00-04:00,432.39,432.61,429.0,431.8,93645,2024-04-17 16:00:00+00:00,134.67377399999532,Leo,Ashlesha,4,2024-04-17 16:00:00+00:00,134.67377399999532,59.894556499999226,98.51705649999923,2,False,15.176553319383402,195.1765533193834,False
2024-04-19 12:00:00-04:00,421.0,422.5,418.27,422.23,158061,2024-04-19 16:00:00+00:00,161.02656600000046,Virgo,Purva Phalguni,5,2024-04-19 16:00:00+00:00,161.02656600000046,61.865851299998894,100.4883512999989,3,False,15.070645702783395,195.0706457027834,False
2024-04-22 18:10:00-04:00,420.21,420.48,414.3824,420.44,361066,2024-04-22 22:10:00+00:00,203.9413557500084,Libra,Chitra,6,2024-04-22 22:10:00+00:00,203.94135575000837,64.8227934999993,103.44529349999931,4,False,14.898178091028399,194.8981780910284,False
2024-04-23 15:20:00-04:00,424.645,425.05,418.8715,425.0,1989957,2024-04-23 19:20:00+00:00,215.56220499999472,Scorpio,Swati,6,2024-04-23 19:20:00+00:00,215.56220499999472,65.80844089999823,104.43094089999823,4,False,14.85147577398618,194.85147577398618,False
2024-04-24 12:00:00-04:00,427.5,428.48,425.388,428.33,106287,2024-04-24 16:00:00+00:00,226.90854600000603,Scorpio,Vishakha,7,2024-04-24 16:00:00+00:00,226.90854600000603,66.79408829999898,105.41658829999898,5,False,14.805876661283378,194.80587666128338,False
2024-04-24 12:15:00-04:00,427.93,428.12,425.07,428.11,196520,2024-04-24 16:15:00+00:00,227.04580012502265,Scorpio,Vishakha,7,2024-04-24 16:15:00+00:00,227.04580012502265,66.79408829999898,105.41658829999898,5,False,14.805325059113443,194.80532505911344,False
2024-04-24 20:05:00-04:00,426.67,426.67,422.95,424.11,1646577,2024-04-25 00:05:00+00:00,231.34642937501485,Scorpio,Vishakha,7,2024-04-25 00:05:00+00:00,231.34642937501485,67.7797356999979,106.4022356999979,5,False,14.788041524460027,194.78804152446003,False
2024-04-24 22:35:00-04:00,421.99,426.51,421.4,421.7,53973,2024-04-25 02:35:00+00:00,232.71897062500648,Scorpio,Vishakha,7,2024-04-25 02:35:00+00:00,232.71897062500648,67.7797356999979,106.4022356999979,5,False,14.782525502762155,194.78252550276216,False
2024-04-24 22:40:00-04:00,421.66,426.51,421.66,421.83,14582,2024-04-25 02:40:00+00:00,232.7647220000072,Scorpio,Vishakha,7,2024-04-25 02:40:00+00:00,232.76472200000717,67.7797356999979,106.4022356999979,5,False,14.782341635372177,194.78234163537218,False
2024-04-25 12:45:00-04:00,420.7,426.829,419.84,419.96,150322,2024-04-25 16:45:00+00:00,240.49670437500757,Sagittarius,Anuradha,7,2024-04-25 16:45:00+00:00,240.49670437500754,67.7797356999979,106.4022356999979,5,False,14.751268046474024,194.75126804647402,False
2024-04-25 20:00:00-04:00,424.43,429.92,423.88,429.6,872968,2024-04-26 00:00:00+00:00,244.47707400000945,Sagittarius,Anuradha,7,2024-04-26 00:00:00+00:00,244.47707400000945,68.76538309999864,107.38788309999865,5,False,14.735271583550002,194.73527158355,False
2024-04-25 20:05:00-04:00,429.58,430.4,424.45,429.71,1057746,2024-04-26 00:05:00+00:00,244.52282537501011,Sagittarius,Anuradha,7,2024-04-26 00:05:00+00:00,244.52282537501014,68.76538309999864,107.38788309999865,5,False,14.735087716160024,194.73508771616002,False
2024-05-01 12:00:00-04:00,422.14,424.908,421.15,422.08,55556,2024-05-01 16:00:00+00:00,319.1433180000022,Aquarius,Dhanishta,10,2024-05-01 16:00:00+00:00,319.1433180000022,73.69362009999872,112.31612009999873,7,False,14.435200003183354,194.43520000318335,False
2024-05-01 18:35:00-04:00,424.27,426.005,422.56,425.63,1382534,2024-05-01 22:35:00+00:00,322.7576766250131,Aquarius,Dhanishta,10,2024-05-01 22:35:00+00:00,322.7576766250131,73.69362009999872,112.31612009999873,8,False,14.420674479378818,194.42067447937882,False
2024-05-01 18:40:00-04:00,425.69,428.52,425.32,428.51,1410827,2024-05-01 22:40:00+00:00,322.8034280000138,Aquarius,Dhanishta,10,2024-05-01 22:40:00+00:00,322.8034280000138,73.69362009999872,112.31612009999873,8,False,14.42049061198884,194.42049061198884,False
2024-05-03 12:30:00-04:00,430.49,433.48,430.48,433.26,364666,2024-05-03 16:30:00+00:00,345.77061825001147,Pisces,Purva Bhadrapada,11,2024-05-03 16:30:00+00:00,345.77061825001147,75.6649148999984,114.2874148999984,8,False,14.328189182243705,194.3281891822437,False
2024-05-14 12:30:00-04:00,443.19,443.2,440.06,441.69,261421,2024-05-14 16:30:00+00:00,130.71097425000335,Leo,Ashlesha,4,2024-05-14 16:30:00+00:00,130.71097425000335,86.5070362999993,125.1295362999993,1,False,13.745697290943781,193.74569729094378,False
2024-05-15 12:30:00-04:00,445.85,449.35,445.85,448.6,538639,2024-05-15 16:30:00+00:00,143.8873702500132,Leo,Ashlesha,4,2024-05-15 16:30:00+00:00,143.8873702500132,87.49268369999822,126.11518369999823,1,False,13.692743482643777,193.69274348264378,False
2024-05-22 20:20:00-04:00,455.4,458.4,453.32,457.24,336765,2024-05-23 00:20:00+00:00,240.42277150000157,Sagittarius,Anuradha,7,2024-05-23 00:20:00+00:00,240.42277150000155,95.37786289999872,134.00036289999872,4,False,13.304783289890224,193.30478328989022,False
2024-05-23 20:00:00-04:00,453.62,456.45,453.26,453.29,168493,2024-05-24 00:00:00+00:00,253.41616200000863,Sagittarius,Jyeshtha,8,2024-05-24 00:00:00+00:00,253.41616200000863,96.36351029999946,134.98601029999946,4,False,13.25256495115002,193.25256495115002,False
2024-05-23 20:05:00-04:00,453.28,457.9384,453.28,453.7,747576,2024-05-24 00:05:00+00:00,253.4619133750093,Sagittarius,Jyeshtha,8,2024-05-24 00:05:00+00:00,253.46191337500932,96.36351029999946,134.98601029999946,4,False,13.252381083760042,193.25238108376004,False
2024-05-24 17:00:00-04:00,458.24,458.485,453.5674,458.19,1155380,2024-05-24 21:00:00+00:00,264.94550850000815,Sagittarius,Mula,8,2024-05-24 21:00:00+00:00,264.94550850000815,96.36351029999946,134.98601029999946,5,False,13.206230368887532,193.20623036888753,False
2024-06-05 15:00:00-04:00,459.75,460.32,454.408,460.27,999903,2024-06-05 19:00:00+00:00,61.96422750000784,Gemini,Krittika,1,2024-06-05 19:00:00+00:00,61.96422750000784,108.19127909999929,146.8137790999993,10,False,12.575197486645834,192.57519748664583,False
2024-06-07 12:30:00-04:00,464.5,465.55,461.6805,462.2027,465693,2024-06-07 16:30:00+00:00,86.9444782500068,Gemini,Mrigashirsha,2,2024-06-07 16:30:00+00:00,86.9444782500068,110.16257389999896,148.78507389999896,10,False,12.4748058917437,192.4748058917437,False
2024-06-12 12:30:00-04:00,469.68,473.5,469.68,472.53,466663,2024-06-12 16:30:00+00:00,152.82645825001237,Virgo,Magha,4,2024-06-12 16:30:00+00:00,152.82645825001237,115.09081089999904,153.71331089999904,12,False,12.210036850243682,192.21003685024368,False
2024-06-13 12:00:00-04:00,477.3089,478.45,473.795,477.12,47046,2024-06-13 16:00:00+00:00,165.7283460000035,Virgo,Purva Phalguni,5,2024-06-13 16:00:00+00:00,165.7283460000035,116.07645829999797,154.69895829999797,1,False,12.158186246283321,192.15818624628332,False
2024-06-14 12:00:00-04:00,475.5,478.34,474.75,475.72,59801,2024-06-14 16:00:00+00:00,178.9047419999988,Virgo,Uttara Phalguni,5,2024-06-14 16:00:00+00:00,178.9047419999988,117.06210569999871,155.6846056999987,1,False,12.105232437983318,192.10523243798332,False
2024-06-21 12:00:00-04:00,481.37,482.51,479.51,480.7486,64970,2024-06-21 16:00:00+00:00,271.13951399999496,Capricorn,Mula,8,2024-06-21 16:00:00+00:00,271.13951399999496,123.96163749999846,162.58413749999846,4,False,11.734555779883408,191.7345557798834,False
2024-07-17 12:00:00-04:00,488.9,494.91,488.3201,489.06,149019,2024-07-17 16:00:00+00:00,253.72581000000355,Sagittarius,Jyeshtha,8,2024-07-17 16:00:00+00:00,253.72581000000355,149.5884698999996,188.2109698999996,3,False,10.35775676408332,190.35775676408332,False
2024-07-17 12:05:00-04:00,492.02,492.77,488.7,488.9096,17783,2024-07-17 16:05:00+00:00,253.77156137500424,Sagittarius,Jyeshtha,8,2024-07-17 16:05:00+00:00,253.77156137500424,149.5884698999996,188.2109698999996,3,False,10.357572896693455,190.35757289669345,False
2024-07-17 12:15:00-04:00,489.31,496.712,489.31,489.43,70157,2024-07-17 16:15:00+00:00,253.86306412502017,Sagittarius,Jyeshtha,8,2024-07-17 16:15:00+00:00,253.86306412502017,149.5884698999996,188.2109698999996,3,False,10.357205161913498,190.3572051619135,False
2024-07-18 12:00:00-04:00,483.83,485.9,482.8496,485.72,112065,2024-07-18 16:00:00+00:00,266.90220599999884,Sagittarius,Mula,8,2024-07-18 16:00:00+00:00,266.90220599999884,150.57411729999853,189.19661729999854,3,False,10.304802955783316,190.30480295578332,False
2024-07-19 12:00:00-04:00,480.2,481.76,476.8,480.9,160734,2024-07-19 16:00:00+00:00,280.0786020000087,Capricorn,Purva Ashadha,9,2024-07-19 16:00:00+00:00,280.0786020000087,151.55976469999928,190.18226469999928,3,False,10.251849147483313,190.2518491474833,False
2024-07-22 12:00:00-04:00,479.6703,480.1,476.21,478.0,145605,2024-07-22 16:00:00+00:00,319.6077900000091,Aquarius,Dhanishta,10,2024-07-22 16:00:00+00:00,319.6077900000091,154.51670689999787,193.13920689999787,5,False,10.092987722583302,190.0929877225833,False
2024-07-22 12:05:00-04:00,480.06,480.19,476.99,480.09,33257,2024-07-22 16:05:00+00:00,319.6535413750098,Aquarius,Dhanishta,10,2024-07-22 16:05:00+00:00,319.6535413750098,154.51670689999787,193.13920689999787,5,False,10.092803855193438,190.09280385519344,False
2024-07-22 18:10:00-04:00,482.97,482.97,477.7068,482.65,195820,2024-07-22 22:10:00+00:00,322.9933917500166,Aquarius,Dhanishta,10,2024-07-22 22:10:00+00:00,322.9933917500166,154.51670689999787,193.13920689999787,5,False,10.07938153572843,190.07938153572843,False
2024-07-22 20:15:00-04:00,481.93,482.35,478.5,481.78,184069,2024-07-23 00:15:00+00:00,324.1371761250048,Aquarius,Dhanishta,10,2024-07-23 00:15:00+00:00,324.13717612500477,155.50235429999861,194.12485429999862,5,False,10.074784850980222,190.07478485098022,False
2024-07-23 12:00:00-04:00,481.7603,482.78,479.5,482.25,42243,2024-07-23 16:00:00+00:00,332.7841860000044,Pisces,Shatabhisha,10,2024-07-23 16:00:00+00:00,332.7841860000044,155.50235429999861,194.12485429999862,5,False,10.040033914283299,190.0400339142833,False
2024-07-25 12:00:00-04:00,462.4,465.1,460.9296,464.29,138518,2024-07-25 16:00:00+00:00,359.136977999995,Pisces,Uttara Bhadrapada,11,2024-07-25 16:00:00+00:00,359.136977999995,157.47364909999828,196.09614909999829,6,False,9.934126297683406,189.9341262976834,False
2024-07-26 12:00:00-04:00,462.771,463.9,460.4,463.88,123197,2024-07-26 16:00:00+00:00,12.313374000004842,Aries,Revati,12,2024-07-26 16:00:00+00:00,12.313374000004842,158.45929649999903,197.08179649999903,6,False,9.881172489383403,189.8811724893834,False
2024-07-26 12:05:00-04:00,463.85,464.05,457.917,463.98,23608,2024-07-26 16:05:00+00:00,12.359125375005531,Aries,Revati,12,2024-07-26 16:05:00+00:00,12.359125375005533,158.45929649999903,197.08179649999903,6,False,9.880988621993424,189.88098862199342,False
2024-07-30 12:00:00-04:00,465.24,465.5993,462.47,465.5,62774,2024-07-30 16:00:00+00:00,65.01895800000057,Gemini,Rohini,1,2024-07-30 16:00:00+00:00,65.01895800000057,162.40188609999836,201.02438609999837,8,False,9.669357256183389,189.6693572561834,False
2024-07-30 18:15:00-04:00,457.87,458.55,454.4725,458.5,322637,2024-07-30 22:15:00+00:00,68.45031112502329,Gemini,Rohini,1,2024-07-30 22:15:00+00:00,68.45031112502329,162.40188609999836,201.02438609999837,8,False,9.655567201938538,189.65556720193854,False
2024-07-30 20:00:00-04:00,457.41,457.74,452.31,452.78,1643310,2024-07-31 00:00:00+00:00,69.4110900000087,Gemini,Rohini,2,2024-07-31 00:00:00+00:00,69.4110900000087,163.3875334999991,202.0100334999991,8,False,9.651705986750017,189.65170598675002,False
2024-07-30 20:05:00-04:00,452.7,457.53,452.69,453.85,886209,2024-07-31 00:05:00+00:00,69.45684137500939,Gemini,Rohini,2,2024-07-31 00:05:00+00:00,69.45684137500939,163.3875334999991,202.0100334999991,8,False,9.651522119360038,189.65152211936004,False
2024-07-31 12:00:00-04:00,464.24,465.21,461.3,465.1,170481,2024-07-31 16:00:00+00:00,78.19535399999586,Gemini,Mrigashirsha,2,2024-07-31 16:00:00+00:00,78.19535399999586,163.3875334999991,202.0100334999991,8,False,9.616403447883386,189.61640344788339,False
2024-07-31 12:10:00-04:00,465.0,465.1,457.187,465.0,26211,2024-07-31 16:10:00+00:00,78.2868567500118,Gemini,Mrigashirsha,2,2024-07-31 16:10:00+00:00,78.2868567500118,163.3875334999991,202.0100334999991,8,False,9.616035713103429,189.61603571310343,False
2024-08-01 12:00:00-04:00,472.98,475.61,470.717,475.1,149374,2024-08-01 16:00:00+00:00,91.3717500000057,Cancer,Ardra,2,2024-08-01 16:00:00+00:00,91.3717500000057,164.37318089999803,202.99568089999804,9,False,9.563449639583382,189.56344963958338,False
2024-08-01 20:00:00-04:00,459.71,460.31,456.04,457.9,1180752,2024-08-02 00:00:00+00:00,95.76388200001384,Cancer,Ardra,2,2024-08-02 00:00:00+00:00,95.76388200001384,165.35882829999878,203.98132829999878,9,False,9.54579837015001,189.54579837015,False
2024-08-01 21:25:00-04:00,456.11,459.66,456.0,456.41,47698,2024-08-02 01:25:00+00:00,96.54165537501105,Cancer,Ardra,2,2024-08-02 01:25:00+00:00,96.54165537501103,165.35882829999878,203.98132829999878,9,False,9.542672624521174,189.54267262452117,False
2024-08-02 12:00:00-04:00,452.14,454.17,450.8904,452.1,145055,2024-08-02 16:00:00+00:00,104.548146000001,Cancer,Punarvasu,3,2024-08-02 16:00:00+00:00,104.548146000001,165.35882829999878,203.98132829999878,9,False,9.510495831283379,189.51049583128338,False
2024-08-02 12:30:00-04:00,452.71,453.55,448.29,448.62,682103,2024-08-02 16:30:00+00:00,104.82265425000514,Cancer,Punarvasu,3,2024-08-02 16:30:00+00:00,104.82265425000514,165.35882829999878,203.98132829999878,9,False,9.509392626943736,189.50939262694374,False
2024-08-02 13:35:00-04:00,448.29,452.53,448.285,452.53,1520672,2024-08-02 17:35:00+00:00,105.41742212501411,Cancer,Punarvasu,3,2024-08-02 17:35:00+00:00,105.41742212501413,165.35882829999878,203.98132829999878,9,False,9.5070023508747,189.5070023508747,False
2024-08-05 08:00:00-04:00,434.88,435.53,430.42,431.42,120080,2024-08-05 12:00:00+00:00,141.88126800001191,Leo,Ashlesha,4,2024-08-05 12:00:00+00:00,141.88126800001191,168.3157704999992,206.9382704999992,10,False,9.360460041099941,189.36046004109994,False
2024-08-05 08:05:00-04:00,431.6,435.06,431.6,434.99,51460,2024-08-05 12:05:00+00:00,141.9270193750126,Leo,Ashlesha,4,2024-08-05 12:05:00+00:00,141.9270193750126,168.3157704999992,206.9382704999992,10,False,9.360276173710076,189.36027617371008,False
2024-08-05 12:00:00-04:00,430.46,436.17,424.95,426.84,447977,2024-08-05 16:00:00+00:00,144.07733400000143,Leo,Magha,4,2024-08-05 16:00:00+00:00,144.07733400000143,168.3157704999992,206.9382704999992,10,False,9.351634406383369,189.35163440638337,False
2024-08-05 12:35:00-04:00,421.49,424.4,420.0,422.98,563660,2024-08-05 16:35:00+00:00,144.39759362502082,Leo,Magha,4,2024-08-05 16:35:00+00:00,144.39759362502082,168.3157704999992,206.9382704999992,10,False,9.350347334653748,189.35034733465375,False
2024-08-05 13:30:00-04:00,424.71,428.29,423.45,427.61,3848805,2024-08-05 17:30:00+00:00,144.90085874999932,Leo,Magha,4,2024-08-05 17:30:00+00:00,144.90085874999932,168.3157704999992,206.9382704999992,10,False,9.348324793364554,189.34832479336455,False
2024-08-05 13:35:00-04:00,427.57,432.25,424.22,431.93,2507193,2024-08-05 17:35:00+00:00,144.94661012501456,Leo,Magha,4,2024-08-05 17:35:00+00:00,144.94661012501456,168.3157704999992,206.9382704999992,10,False,9.34814092597469,189.3481409259747,False
2024-08-05 13:40:00-04:00,431.91,431.98,428.07,429.88,2657753,2024-08-05 17:40:00+00:00,144.99236150001525,Leo,Magha,4,2024-08-05 17:40:00+00:00,144.99236150001525,168.3157704999992,206.9382704999992,10,False,9.347957058584711,189.3479570585847,False
2024-08-05 13:45:00-04:00,429.96,433.86,429.65,433.49,2184561,2024-08-05 17:45:00+00:00,145.03811287501594,Leo,Magha,4,2024-08-05 17:45:00+00:00,145.03811287501594,168.3157704999992,206.9382704999992,10,False,9.347773191194733,189.34777319119473,False
2024-08-05 14:00:00-04:00,432.54,438.07,432.49,436.36,2233973,2024-08-05 18:00:00+00:00,145.17536700000346,Leo,Magha,4,2024-08-05 18:00:00+00:00,145.17536700000346,168.3157704999992,206.9382704999992,10,False,9.347221589025025,189.34722158902503,False
2024-08-05 14:05:00-04:00,436.27,437.18,433.12,433.76,1383875,2024-08-05 18:05:00+00:00,145.2211183750187,Leo,Magha,4,2024-08-05 18:05:00+00:00,145.2211183750187,168.3157704999992,206.9382704999992,10,False,9.347037721635047,189.34703772163505,False
2024-08-05 14:20:00-04:00,435.75,437.015,427.43,433.9,1029516,2024-08-05 18:20:00+00:00,145.35837250000623,Leo,Magha,4,2024-08-05 18:20:00+00:00,145.35837250000623,168.3157704999992,206.9382704999992,10,False,9.346486119465226,189.34648611946523,False
2024-08-05 14:25:00-04:00,433.84,435.34,431.86,431.91,1077342,2024-08-05 18:25:00+00:00,145.40412387500692,Leo,Magha,4,2024-08-05 18:25:00+00:00,145.40412387500692,168.3157704999992,206.9382704999992,10,False,9.346302252075361,189.34630225207536,False
2024-08-05 14:30:00-04:00,431.92,434.9,431.73,434.735,844113,2024-08-05 18:30:00+00:00,145.44987525002216,Leo,Magha,4,2024-08-05 18:30:00+00:00,145.44987525002216,168.3157704999992,206.9382704999992,10,False,9.346118384685383,189.34611838468538,False
2024-08-05 14:50:00-04:00,434.27,437.27,433.16,436.56,1063208,2024-08-05 18:50:00+00:00,145.63288075001037,Leo,Magha,4,2024-08-05 18:50:00+00:00,145.63288075001037,168.3157704999992,206.9382704999992,10,False,9.345382915125697,189.3453829151257,False
2024-08-05 14:55:00-04:00,436.53,436.65,433.59,433.99,915717,2024-08-05 18:55:00+00:00,145.67863212502562,Leo,Magha,4,2024-08-05 18:55:00+00:00,145.67863212502562,168.3157704999992,206.9382704999992,10,False,9.345199047735719,189.34519904773572,False
2024-08-05 15:05:00-04:00,434.01,438.24,433.98,437.48,1121195,2024-08-05 19:05:00+00:00,145.77013487501245,Leo,Magha,4,2024-08-05 19:05:00+00:00,145.77013487501245,168.3157704999992,206.9382704999992,10,False,9.344831312955876,189.34483131295588,False
2024-08-05 16:55:00-04:00,436.66,439.2344,435.81,436.35,554295,2024-08-05 20:55:00+00:00,146.77666512499854,Leo,Magha,4,2024-08-05 20:55:00+00:00,146.77666512499854,168.3157704999992,206.9382704999992,10,False,9.34078623037749,189.3407862303775,False
2024-08-05 20:05:00-04:00,437.45,439.29,435.37,439.16,345064,2024-08-06 00:05:00+00:00,148.51521737501025,Leo,Magha,4,2024-08-06 00:05:00+00:00,148.51521737501025,169.3014178999981,207.92391789999812,11,False,9.333799269560018,189.33379926956002,False
2024-08-06 12:00:00-04:00,440.48,445.25,435.044,440.17,95174,2024-08-06 16:00:00+00:00,157.25372999999672,Virgo,Magha,4,2024-08-06 16:00:00+00:00,157.25372999999672,169.3014178999981,207.92391789999812,11,False,9.298680598083365,189.29868059808337,False
2024-08-06 13:40:00-04:00,437.34,437.87,434.69,435.305,1313287,2024-08-06 17:40:00+00:00,158.16875750001054,Virgo,Purva Phalguni,4,2024-08-06 17:40:00+00:00,158.16875750001054,169.3014178999981,207.92391789999812,11,False,9.295003250284708,189.2950032502847,False
2024-08-06 19:50:00-04:00,441.82,447.0302,440.56,440.7,1674431,2024-08-06 23:50:00+00:00,161.55435925000347,Virgo,Purva Phalguni,5,2024-08-06 23:50:00+00:00,161.55435925000347,169.3014178999981,207.92391789999812,11,False,9.281397063429836,189.28139706342984,False
2024-08-07 12:00:00-04:00,442.53,446.63,441.0,445.09,161004,2024-08-07 16:00:00+00:00,170.43012600000657,Virgo,Purva Phalguni,5,2024-08-07 16:00:00+00:00,170.43012600000657,170.28706529999886,208.90956529999886,11,False,9.245726789783362,189.24572678978336,False
2024-08-07 18:15:00-04:00,436.56,447.5094,435.93,436.27,938253,2024-08-07 22:15:00+00:00,173.86147912501474,Virgo,Uttara Phalguni,5,2024-08-07 22:15:00+00:00,173.86147912501474,170.28706529999886,208.90956529999886,11,False,9.231936735538511,189.2319367355385,False
2024-08-07 20:00:00-04:00,434.79,447.3724,434.49,434.65,405612,2024-08-08 00:00:00+00:00,174.8222580000147,Virgo,Uttara Phalguni,5,2024-08-08 00:00:00+00:00,174.8222580000147,171.2727126999996,209.8952126999996,11,False,9.22807552034999,189.22807552035,False
2024-08-08 12:00:00-04:00,434.66,436.68,433.13,435.29,116903,2024-08-08 16:00:00+00:00,183.60652200000183,Libra,Uttara Phalguni,5,2024-08-08 16:00:00+00:00,183.60652200000186,171.2727126999996,209.8952126999996,12,False,9.192772981483358,189.19277298148336,False
2024-08-08 12:30:00-04:00,435.55,439.39,435.46,438.87,421271,2024-08-08 16:30:00+00:00,183.881030250006,Libra,Uttara Phalguni,5,2024-08-08 16:30:00+00:00,183.881030250006,171.2727126999996,209.8952126999996,12,False,9.191669777143716,189.19166977714372,False
2024-08-09 12:00:00-04:00,449.959,451.1496,446.3,447.6583,155962,2024-08-09 16:00:00+00:00,196.78291799999715,Libra,Hasta,6,2024-08-09 16:00:00+00:00,196.78291799999715,172.25836009999853,210.88086009999853,12,False,9.139819173183355,189.13981917318335,False
2024-08-12 15:20:00-04:00,453.95,454.01,450.11,450.14,1228046,2024-08-12 19:20:00+00:00,238.1421609999961,Scorpio,Anuradha,7,2024-08-12 19:20:00+00:00,238.14216099999612,175.21530229999894,213.83780229999894,1,True,8.973603052686144,188.97360305268614,False
2024-08-13 12:00:00-04:00,451.85,455.65,451.042,453.67,79659,2024-08-13 16:00:00+00:00,249.48850200000743,Sagittarius,Anuradha,8,2024-08-13 16:00:00+00:00,249.48850200000743,176.20094969999786,214.82344969999787,2,False,8.928003939983341,188.92800393998334,False
2024-08-14 12:30:00-04:00,463.44,464.21,460.26,462.02,441509,2024-08-14 16:30:00+00:00,262.93940625000687,Sagittarius,Jyeshtha,8,2024-08-14 16:30:00+00:00,262.93940625000687,177.1865970999986,215.8090970999986,2,False,8.873946927343695,188.8739469273437,False
2024-08-16 12:00:00-04:00,474.63,476.75,473.68,473.7,68568,2024-08-16 16:00:00+00:00,289.01769000000786,Capricorn,Purva Ashadha,9,2024-08-16 16:00:00+00:00,289.01769000000786,179.15789189999828,217.78039189999828,3,False,8.769142515083331,188.76914251508333,False
2024-08-23 12:00:00-04:00,478.93,479.0796,475.206,475.206,87492,2024-08-23 16:00:00+00:00,21.252462000004016,Aries,Revati,12,2024-08-23 16:00:00+00:00,21.252462000004016,186.05742369999803,224.67992369999803,6,False,8.398465856983307,188.3984658569833,False
2024-08-23 14:45:00-04:00,480.88,480.9399,476.44,477.34,1765048,2024-08-23 18:45:00+00:00,22.76225737501227,Aries,Revati,12,2024-08-23 18:45:00+00:00,22.76225737501227,186.05742369999803,224.67992369999803,6,False,8.392398233115614,188.3923982331156,False
2024-08-28 20:20:00-04:00,471.76,472.1,466.65,467.58,541678,2024-08-29 00:20:00+00:00,91.70957950000592,Cancer,Ardra,2,2024-08-29 00:20:00+00:00,91.70957950000593,191.97130809999885,230.59380809999885,8,False,8.115310076490232,188.11531007649023,False
2024-08-28 20:25:00-04:00,467.66,470.5,466.43,468.24,603541,2024-08-29 00:25:00+00:00,91.75533087500662,Cancer,Ardra,2,2024-08-29 00:25:00+00:00,91.75533087500662,191.97130809999885,230.59380809999885,8,False,8.115126209100367,188.11512620910037,False
2024-08-28 21:05:00-04:00,468.75,471.35,467.6,468.14,87975,2024-08-29 01:05:00+00:00,92.12134187501216,Cancer,Ardra,2,2024-08-29 01:05:00+00:00,92.12134187501215,191.97130809999885,230.59380809999885,8,False,8.113655269980882,188.11365526998088,False
2024-08-29 12:00:00-04:00,471.92,473.308,467.9,472.52,125736,2024-08-29 16:00:00+00:00,100.31083800000488,Cancer,Ardra,3,2024-08-29 16:00:00+00:00,100.31083800000488,191.97130809999885,230.59380809999885,8,False,8.0807430071834,188.0807430071834,False
2024-09-03 12:00:00-04:00,473.74,477.0,472.7804,473.49,64056,2024-09-03 16:00:00+00:00,166.1928179999959,Virgo,Purva Phalguni,5,2024-09-03 16:00:00+00:00,166.1928179999959,196.89954509999893,235.52204509999893,10,False,7.8159739656833835,187.81597396568338,False
2024-09-04 12:00:00-04:00,458.0,462.156,457.75,458.73,75511,2024-09-04 16:00:00+00:00,179.36921400000574,Virgo,Uttara Phalguni,5,2024-09-04 16:00:00+00:00,179.36921400000574,197.88519249999786,236.50769249999786,11,False,7.76302015738338,187.76302015738338,False
2024-09-04 14:00:00-04:00,460.94,461.0099,457.73,459.72,1641143,2024-09-04 18:00:00+00:00,180.46724700000777,Libra,Uttara Phalguni,5,2024-09-04 18:00:00+00:00,180.46724700000777,197.88519249999786,236.50769249999786,11,False,7.758607340025037,187.75860734002504,False
2024-09-05 13:35:00-04:00,459.68,462.55,459.54,461.71,979798,2024-09-05 17:35:00+00:00,193.41488612501416,Libra,Hasta,6,2024-09-05 17:35:00+00:00,193.41488612501416,198.8708398999986,237.4933398999986,11,False,7.706572868674698,187.7065728686747,False
2024-09-06 12:00:00-04:00,455.83,461.385,455.23,457.19,79336,2024-09-06 16:00:00+00:00,205.72200599999636,Libra,Chitra,6,2024-09-06 16:00:00+00:00,205.72200599999633,199.85648729999934,238.47898729999935,11,False,7.657112540783373,187.65711254078337,False
2024-09-06 12:30:00-04:00,456.28,459.98,455.3,458.6,572959,2024-09-06 16:30:00+00:00,205.99651425001505,Libra,Chitra,6,2024-09-06 16:30:00+00:00,205.99651425001503,199.85648729999934,238.47898729999935,11,False,7.656009336443731,187.65600933644373,False
2024-09-06 13:35:00-04:00,460.02,460.72,457.38,457.53,1244853,2024-09-06 17:35:00+00:00,206.59128212500943,Libra,Chitra,6,2024-09-06 17:35:00+00:00,206.59128212500946,199.85648729999934,238.47898729999935,11,False,7.6536190603746945,187.6536190603747,False
2024-09-06 20:00:00-04:00,448.8,452.123,448.14,448.62,451301,2024-09-07 00:00:00+00:00,210.1141380000045,Scorpio,Chitra,6,2024-09-07 00:00:00+00:00,210.11413800000446,200.84213469999827,239.46463469999827,12,False,7.639461271350001,187.63946127135,False
2024-09-11 12:00:00-04:00,457.71,458.34,455.19,458.0,121846,2024-09-11 16:00:00+00:00,271.6039860000019,Capricorn,Mula,8,2024-09-11 16:00:00+00:00,271.6039860000019,204.78472429999943,243.40722429999943,1,False,7.392343499283356,187.39234349928336,False
2024-09-11 12:30:00-04:00,458.7,459.02,455.74,456.951,283970,2024-09-11 16:30:00+00:00,271.87849425000604,Capricorn,Mula,8,2024-09-11 16:30:00+00:00,271.87849425000604,204.78472429999943,243.40722429999943,1,False,7.391240294943714,187.3912402949437,False
2024-09-17 12:00:00-04:00,475.2209,476.27,472.9,476.16,79920,2024-09-17 16:00:00+00:00,350.6623620000028,Pisces,Purva Bhadrapada,11,2024-09-17 16:00:00+00:00,350.66236200000276,210.69860869999843,249.32110869999843,4,False,7.074620649483336,187.07462064948334,False
2024-09-18 18:00:00-04:00,473.71,478.83,472.6,476.4,3191633,2024-09-18 22:00:00+00:00,7.132857000004151,Aries,Uttara Bhadrapada,11,2024-09-18 22:00:00+00:00,7.132857000004151,211.68425609999917,250.30675609999918,4,False,7.008428389108303,187.0084283891083,False
2024-09-19 12:00:00-04:00,480.9,481.8,471.793,481.47,132223,2024-09-19 16:00:00+00:00,17.015154000007897,Aries,Revati,12,2024-09-19 16:00:00+00:00,17.015154000007897,212.6699034999981,251.2924034999981,5,False,6.968713032883329,186.96871303288333,False
2024-09-23 12:00:00-04:00,482.96,484.82,480.15,482.85,55708,2024-09-23 16:00:00+00:00,69.72073800000362,Gemini,Rohini,2,2024-09-23 16:00:00+00:00,69.72073800000362,216.61249309999926,255.23499309999926,6,False,6.7568977996833155,186.75689779968332,False
2024-09-24 12:00:00-04:00,483.9901,485.4504,482.34,483.91,51875,2024-09-24 16:00:00+00:00,82.89713399999891,Gemini,Mrigashirsha,2,2024-09-24 16:00:00+00:00,82.89713399999891,217.59814049999818,256.2206404999982,7,False,6.703943991383312,186.7039439913833,False
2024-09-26 12:00:00-04:00,492.85,493.37,490.0,492.75,115539,2024-09-26 16:00:00+00:00,109.24992600000404,Cancer,Punarvasu,3,2024-09-26 16:00:00+00:00,109.24992600000405,219.56943529999785,258.19193529999785,8,False,6.598036374783305,186.5980363747833,False
2024-10-03 14:10:00-04:00,484.44,484.54,481.41,482.445,800787,2024-10-03 18:10:00+00:00,202.67423375001815,Libra,Chitra,6,2024-10-03 18:10:00+00:00,202.67423375001817,226.46896709999942,265.0914670999994,10,False,6.222579164545095,186.2225791645451,False
2024-10-07 12:00:00-04:00,484.46,487.66,483.6604,484.76,74188,2024-10-07 16:00:00+00:00,254.19028199999596,Sagittarius,Jyeshtha,8,2024-10-07 16:00:00+00:00,254.19028199999593,230.41155669999875,269.03405669999876,12,False,6.0155444834833816,186.01554448348338,False
2024-10-07 12:05:00-04:00,484.74,487.685,484.58,484.9335,12808,2024-10-07 16:05:00+00:00,254.2360333750112,Sagittarius,Jyeshtha,8,2024-10-07 16:05:00+00:00,254.23603337501117,230.41155669999875,269.03405669999876,12,False,6.015360616093403,186.0153606160934,False
2024-10-08 12:00:00-04:00,484.31,484.6,480.97,484.4325,38001,2024-10-08 16:00:00+00:00,267.3666780000058,Sagittarius,Mula,8,2024-10-08 16:00:00+00:00,267.3666780000058,231.3972040999995,270.0197040999995,12,False,5.962590675183378,185.96259067518338,False
2024-10-17 12:00:00-04:00,495.1,495.39,489.7,495.25,185046,2024-10-17 16:00:00+00:00,25.95424200000707,Aries,Ashwini,12,2024-10-17 16:00:00+00:00,25.95424200000707,240.26803069999892,278.8905306999989,4,False,5.4860064004833475,185.48600640048335,False
2024-10-18 12:00:00-04:00,494.2,494.4,490.882,494.1103,50244,2024-10-18 16:00:00+00:00,39.13063800000237,Taurus,Bharani,1,2024-10-18 16:00:00+00:00,39.130638000002364,241.25367809999784,279.87617809999784,4,False,5.433052592183344,185.43305259218334,False
2024-10-21 12:00:00-04:00,492.0,494.47,491.37,491.64,42037,2024-10-21 16:00:00+00:00,78.6598260000028,Gemini,Mrigashirsha,2,2024-10-21 16:00:00+00:00,78.6598260000028,244.21062029999825,282.83312029999826,6,False,5.274191167283334,185.27419116728333,False
2024-10-31 12:00:00-04:00,492.09,496.093,490.4896,492.93,71448,2024-10-31 16:00:00+00:00,210.42378599999935,Scorpio,Chitra,6,2024-10-31 16:00:00+00:00,210.42378599999938,254.06709429999842,292.6895942999984,10,False,4.7446530842833,184.7446530842833,False
2024-11-04 13:00:00-05:00,488.09,489.86,486.46,488.03,78427,2024-11-04 18:00:00+00:00,264.2274030000117,Sagittarius,Mula,8,2024-11-04 18:00:00+00:00,264.2274030000117,258.0096838999996,296.6321838999996,11,False,4.528425033724943,184.52842503372494,False
2024-11-06 09:00:00-05:00,501.0,501.5,498.22,500.76,39361,2024-11-06 14:00:00+00:00,288.3841290000128,Capricorn,Purva Ashadha,9,2024-11-06 14:00:00+00:00,288.38412900001276,259.98097869999924,298.60347869999924,12,False,4.431343051841623,184.43134305184162,False
2024-11-06 13:00:00-05:00,498.68,501.5604,495.13,500.25,292985,2024-11-06 18:00:00+00:00,290.58019500001683,Capricorn,Purva Ashadha,9,2024-11-06 18:00:00+00:00,290.58019500001683,259.98097869999924,298.60347869999924,12,False,4.422517417124936,184.42251741712494,False
2024-11-15 13:00:00-05:00,505.03,506.94,503.78,505.2701,52472,2024-11-15 18:00:00+00:00,49.16775900000357,Taurus,Bharani,1,2024-11-15 18:00:00+00:00,49.16775900000357,268.85180529999866,307.47430529999866,4,False,3.9459331424250195,183.94593314242502,False
2024-11-19 13:00:00-05:00,499.78,501.2,497.1096,499.45,44887,2024-11-19 18:00:00+00:00,101.87334300001385,Cancer,Ardra,3,2024-11-19 18:00:00+00:00,101.87334300001385,272.794394899998,311.416894899998,6,False,3.734117909225006,183.734117909225,False
2024-11-20 21:20:00-05:00,503.5601,503.5601,499.48,502.26,538040,2024-11-21 02:20:00+00:00,119.62487650002004,Cancer,Pushya,3,2024-11-21 02:20:00+00:00,119.62487650002004,274.7656896999995,313.3881896999995,6,False,3.662777361931944,183.66277736193194,False
2024-11-21 13:00:00-05:00,502.61,504.55,500.0,503.55,110476,2024-11-21 18:00:00+00:00,128.22613500000443,Leo,Pushya,3,2024-11-21 18:00:00+00:00,128.22613500000443,274.7656896999995,313.3881896999995,6,False,3.628210292624999,183.628210292625,False
2024-11-21 14:35:00-05:00,504.31,504.4,500.36,500.93,1347590,2024-11-21 19:35:00+00:00,129.09541112501756,Leo,Pushya,4,2024-11-21 19:35:00+00:00,129.09541112501756,274.7656896999995,313.3881896999995,6,False,3.6247168122163202,183.62471681221632,False
2024-11-22 13:00:00-05:00,504.12,505.18,502.1796,504.64,77424,2024-11-22 18:00:00+00:00,141.40253100001428,Leo,Ashlesha,4,2024-11-22 18:00:00+00:00,141.40253100001428,275.7513370999984,314.3738370999984,7,False,3.5752564843249957,183.575256484325,False
2024-11-25 13:10:00-05:00,505.411,508.5,505.411,508.23,14567,2024-11-25 18:10:00+00:00,181.0232217500161,Libra,Uttara Phalguni,5,2024-11-25 18:10:00+00:00,181.0232217500161,278.7082792999988,317.3307792999988,8,False,3.416027324645029,183.41602732464503,False
2024-12-04 13:00:00-05:00,520.4,520.56,517.257,520.26,78810,2024-12-04 18:00:00+00:00,299.519283000016,Capricorn,Uttara Ashadha,9,2024-12-04 18:00:00+00:00,299.519283000016,287.57910589999824,326.20160589999824,12,False,2.939810784724955,182.93981078472495,False
2024-12-11 21:10:00-05:00,529.15,529.39,520.6,529.37,582840,2024-12-12 02:10:00+00:00,36.23768975000712,Taurus,Ashwini,12,2024-12-12 02:10:00+00:00,36.23768975000712,295.46428509999873,334.08678509999874,3,False,2.5511151224118294,182.55111512241183,False
2024-12-13 13:00:00-05:00,530.5,531.57,528.33,531.28,117323,2024-12-13 18:00:00+00:00,58.1068470000173,Taurus,Krittika,1,2024-12-13 18:00:00+00:00,58.1068470000173,296.4499324999995,335.0724324999995,3,False,2.463226510025038,182.46322651002504,False
2024-12-18 19:05:00-05:00,533.97,533.97,530.695,531.01,981894,2024-12-19 00:05:00+00:00,127.3286773750151,Leo,Pushya,3,2024-12-19 00:05:00+00:00,127.3286773750151,302.3638168999985,340.9863168999985,5,False,2.1850351490600133,182.18503514906,False
2024-12-18 20:35:00-05:00,521.14,521.27,517.58,517.79,2358848,2024-12-19 01:35:00+00:00,128.152202125013,Leo,Pushya,3,2024-12-19 01:35:00+00:00,128.152202125013,302.3638168999985,340.9863168999985,5,False,2.181725536041313,182.1817255360413,False
2024-12-18 20:45:00-05:00,515.69,519.5,515.01,519.46,2562344,2024-12-19 01:45:00+00:00,128.24370487499982,Leo,Pushya,3,2024-12-19 01:45:00+00:00,128.24370487499982,302.3638168999985,340.9863168999985,5,False,2.18135780126147,182.18135780126147,False
2024-12-18 20:55:00-05:00,521.09,521.1,516.04,516.53,5415706,2024-12-19 01:55:00+00:00,128.33520762501576,Leo,Pushya,3,2024-12-19 01:55:00+00:00,128.33520762501576,302.3638168999985,340.9863168999985,5,False,2.180990066481627,182.18099006648163,False
2024-12-18 21:00:00-05:00,516.49,516.98,512.08,513.43,1006555,2024-12-19 02:00:00+00:00,128.38095900001645,Leo,Pushya,3,2024-12-19 02:00:00+00:00,128.38095900001645,302.3638168999985,340.9863168999985,5,False,2.1808061990916485,182.18080619909165,False
2024-12-18 21:05:00-05:00,513.39,516.47,512.24,513.38,777879,2024-12-19 02:05:00+00:00,128.4267103750026,Leo,Pushya,3,2024-12-19 02:05:00+00:00,128.42671037500259,302.3638168999985,340.9863168999985,5,False,2.180622331701784,182.18062233170178,False
2024-12-19 13:00:00-05:00,518.79,521.34,515.5,520.92,200301,2024-12-19 18:00:00+00:00,137.1652230000036,Leo,Ashlesha,4,2024-12-19 18:00:00+00:00,137.1652230000036,302.3638168999985,340.9863168999985,6,False,2.1455036602250175,182.14550366022502,False
2024-12-19 21:00:00-05:00,514.16,517.8595,513.76,514.58,430642,2024-12-20 02:00:00+00:00,141.55735500001174,Leo,Ashlesha,4,2024-12-20 02:00:00+00:00,141.55735500001174,303.3494642999992,341.97196429999923,6,False,2.127852390791645,182.12785239079165,False
2024-12-20 13:00:00-05:00,507.36,512.5,505.4581,507.86,212549,2024-12-20 18:00:00+00:00,150.34161900001345,Virgo,Magha,4,2024-12-20 18:00:00+00:00,150.34161900001345,303.3494642999992,341.97196429999923,6,False,2.092549851925014,182.092549851925,False
2024-12-20 20:50:00-05:00,520.4,523.0,518.22,518.89,2144442,2024-12-21 01:50:00+00:00,154.64224825000565,Virgo,Magha,4,2024-12-21 01:50:00+00:00,154.64224825000565,304.33511169999815,342.95761169999815,6,False,2.0752663172714847,182.07526631727148,False
2024-12-23 13:00:00-05:00,518.91,522.37,518.298,520.11,94189,2024-12-23 18:00:00+00:00,189.87080700001388,Libra,Hasta,6,2024-12-23 18:00:00+00:00,189.87080700001388,306.3064064999978,344.9289064999978,7,False,1.9336884270250039,181.933688427025,False
2024-12-26 13:00:00-05:00,528.5,531.52,526.876,527.98,100144,2024-12-26 18:00:00+00:00,229.39999500001431,Scorpio,Vishakha,7,2024-12-26 18:00:00+00:00,229.39999500001431,309.26334869999823,347.88584869999823,9,False,1.7748270021249937,181.774827002125,False
2024-12-30 13:00:00-05:00,520.98,522.2,516.45,517.47,97700,2024-12-30 18:00:00+00:00,282.10557900001004,Capricorn,Purva Ashadha,9,2024-12-30 18:00:00+00:00,282.10557900001004,313.2059382999994,351.8284382999994,10,False,1.56301176892498,181.56301176892498,False
2024-12-31 13:00:00-05:00,518.2,518.4592,514.81,516.86,98690,2024-12-31 18:00:00+00:00,295.28197500000533,Capricorn,Uttara Ashadha,9,2024-12-31 18:00:00+00:00,295.28197500000533,314.1915856999983,352.8140856999983,11,False,1.5100579606249767,181.51005796062498,False
2025-01-02 13:00:00-05:00,517.4,517.72,513.9,516.69,97157,2025-01-02 18:00:00+00:00,321.63476700001047,Aquarius,Dhanishta,10,2025-01-02 18:00:00+00:00,321.63476700001047,316.162880499998,354.785380499998,11,False,1.4041503440249699,181.40415034402497,False
2025-01-02 13:35:00-05:00,516.57,516.98,511.23,516.81,16985,2025-01-02 18:35:00+00:00,321.9550266250008,Aquarius,Dhanishta,10,2025-01-02 18:35:00+00:00,321.95502662500076,316.162880499998,354.785380499998,11,False,1.4028632722954626,181.40286327229546,False
2025-01-02 18:45:00-05:00,507.63,511.2611,506.4,506.7259,256094,2025-01-02 23:45:00+00:00,324.7916118750145,Aquarius,Dhanishta,10,2025-01-02 23:45:00+00:00,324.7916118750145,316.162880499998,354.785380499998,12,False,1.391463494119762,181.39146349411976,False
